sess0001, 000030, 80, 135, GVWY, 2, 40, 0.050000, O-PRZI, 0, 60, 0.000000, O-ZIC, 0, 60, 0.000000, SHVR, 0, 40, 0.000000, 80, 135, 
sess0001, 000030, 124, 135, GVWY, 38, 40, 0.950000, O-PRZI, 0, 60, 0.000000, O-ZIC, 0, 60, 0.000000, SHVR, 43, 40, 1.075000, 124, 135, 
sess0001, 000030, 111, 135, GVWY, 38, 40, 0.950000, O-PRZI, 72, 60, 1.200000, O-ZIC, 0, 60, 0.000000, SHVR, 43, 40, 1.075000, 111, 135, 
sess0001, 000030, 96, 135, GVWY, 38, 40, 0.950000, O-PRZI, 103, 60, 1.716667, O-ZIC, 0, 60, 0.000000, SHVR, 43, 40, 1.075000, 96, 135, 
sess0001, 000030, 96, 133, GVWY, 58, 40, 1.450000, O-PRZI, 103, 60, 1.716667, O-ZIC, 0, 60, 0.000000, SHVR, 90, 40, 2.250000, 96, 133, 
sess0001, 000030, 96, 133, GVWY, 97, 40, 2.425000, O-PRZI, 103, 60, 1.716667, O-ZIC, 0, 60, 0.000000, SHVR, 209, 40, 5.225000, 96, 133, 
sess0001, 000030, 96, 134, GVWY, 97, 40, 2.425000, O-PRZI, 138, 60, 2.300000, O-ZIC, 0, 60, 0.000000, SHVR, 322, 40, 8.050000, 96, 134, 
sess0001, 000030, 96, 133, GVWY, 131, 40, 3.275000, O-PRZI, 138, 60, 2.300000, O-ZIC, 0, 60, 0.000000, SHVR, 437, 40, 10.925000, 96, 133, 
sess0001, 000030, 96, 133, GVWY, 131, 40, 3.275000, O-PRZI, 196, 60, 3.266667, O-ZIC, 0, 60, 0.000000, SHVR, 445, 40, 11.125000, 96, 133, 
sess0001, 000030, 80, 131, GVWY, 176, 40, 4.400000, O-PRZI, 248, 60, 4.133333, O-ZIC, 0, 60, 0.000000, SHVR, 445, 40, 11.125000, 80, 131, 
sess0001, 000030, 91, 126, GVWY, 176, 40, 4.400000, O-PRZI, 298, 60, 4.966667, O-ZIC, 59, 60, 0.983333, SHVR, 445, 40, 11.125000, 91, 126, 
sess0001, 000030, 91, 127, GVWY, 205, 40, 5.125000, O-PRZI, 298, 60, 4.966667, O-ZIC, 59, 60, 0.983333, SHVR, 487, 40, 12.175000, 91, 127, 
sess0001, 000030, 91, 128, GVWY, 255, 40, 6.375000, O-PRZI, 298, 60, 4.966667, O-ZIC, 59, 60, 0.983333, SHVR, 603, 40, 15.075000, 91, 128, 
sess0001, 000030, 96, 104, GVWY, 336, 40, 8.400000, O-PRZI, 298, 60, 4.966667, O-ZIC, 59, 60, 0.983333, SHVR, 684, 40, 17.100000, 96, 104, 
sess0001, 000030, 95, 103, GVWY, 336, 40, 8.400000, O-PRZI, 359, 60, 5.983333, O-ZIC, 59, 60, 0.983333, SHVR, 768, 40, 19.200000, 95, 103, 
sess0001, 000030, 93, 103, GVWY, 336, 40, 8.400000, O-PRZI, 436, 60, 7.266667, O-ZIC, 59, 60, 0.983333, SHVR, 768, 40, 19.200000, 93, 103, 
sess0001, 000030, 95, 102, GVWY, 386, 40, 9.650000, O-PRZI, 436, 60, 7.266667, O-ZIC, 59, 60, 0.983333, SHVR, 854, 40, 21.350000, 95, 102, 
sess0001, 000031, 94, 101, GVWY, 455, 40, 11.375000, O-PRZI, 436, 60, 7.266667, O-ZIC, 59, 60, 0.983333, SHVR, 919, 40, 22.975000, 94, 101, 
sess0001, 000031, 93, 101, GVWY, 455, 40, 11.375000, O-PRZI, 491, 60, 8.183333, O-ZIC, 59, 60, 0.983333, SHVR, 982, 40, 24.550000, 93, 101, 
sess0001, 000031, 93, 101, GVWY, 543, 40, 13.575000, O-PRZI, 491, 60, 8.183333, O-ZIC, 59, 60, 0.983333, SHVR, 1032, 40, 25.800000, 93, 101, 
sess0001, 000031, 94, 101, GVWY, 575, 40, 14.375000, O-PRZI, 491, 60, 8.183333, O-ZIC, 59, 60, 0.983333, SHVR, 1052, 40, 26.300000, 94, 101, 
sess0001, 000031, 93, 101, GVWY, 601, 40, 15.025000, O-PRZI, 491, 60, 8.183333, O-ZIC, 59, 60, 0.983333, SHVR, 1137, 40, 28.425000, 93, 101, 
sess0001, 000031, 85, 101, GVWY, 623, 40, 15.575000, O-PRZI, 491, 60, 8.183333, O-ZIC, 59, 60, 0.983333, SHVR, 1208, 40, 30.200000, 85, 101, 
sess0001, 000031, 85, 104, GVWY, 623, 40, 15.575000, O-PRZI, 565, 60, 9.416667, O-ZIC, 59, 60, 0.983333, SHVR, 1214, 40, 30.350000, 85, 104, 
sess0001, 000031, 86, 103, GVWY, 641, 40, 16.025000, O-PRZI, 565, 60, 9.416667, O-ZIC, 59, 60, 0.983333, SHVR, 1214, 40, 30.350000, 86, 103, 
sess0001, 000031, 85, 103, GVWY, 641, 40, 16.025000, O-PRZI, 623, 60, 10.383333, O-ZIC, 59, 60, 0.983333, SHVR, 1236, 40, 30.900000, 85, 103, 
sess0001, 000032, 89, 97, GVWY, 685, 40, 17.125000, O-PRZI, 623, 60, 10.383333, O-ZIC, 59, 60, 0.983333, SHVR, 1328, 40, 33.200000, 89, 97, 
sess0001, 000032, 89, 102, GVWY, 685, 40, 17.125000, O-PRZI, 712, 60, 11.866667, O-ZIC, 59, 60, 0.983333, SHVR, 1328, 40, 33.200000, 89, 102, 
sess0001, 000032, 92, 102, GVWY, 685, 40, 17.125000, O-PRZI, 764, 60, 12.733333, O-ZIC, 59, 60, 0.983333, SHVR, 1399, 40, 34.975000, 92, 102, 
sess0001, 000032, 89, 102, GVWY, 718, 40, 17.950000, O-PRZI, 807, 60, 13.450000, O-ZIC, 59, 60, 0.983333, SHVR, 1399, 40, 34.975000, 89, 102, 
sess0001, 000032, 89, 101, GVWY, 718, 40, 17.950000, O-PRZI, 911, 60, 15.183333, O-ZIC, 59, 60, 0.983333, SHVR, 1399, 40, 34.975000, 89, 101, 
sess0001, 000033, 89, 101, GVWY, 718, 40, 17.950000, O-PRZI, 926, 60, 15.433333, O-ZIC, 59, 60, 0.983333, SHVR, 1406, 40, 35.150000, 89, 101, 
sess0001, 000033, 100, 102, GVWY, 718, 40, 17.950000, O-PRZI, 929, 60, 15.483333, O-ZIC, 59, 60, 0.983333, SHVR, 1474, 40, 36.850000, 100, 102, 
sess0001, 000041, 99, 102, GVWY, 718, 40, 17.950000, O-PRZI, 1003, 60, 16.716667, O-ZIC, 59, 60, 0.983333, SHVR, 1474, 40, 36.850000, 99, 102, 
sess0001, 000042, 92, 104, GVWY, 718, 40, 17.950000, O-PRZI, 1060, 60, 17.666667, O-ZIC, 59, 60, 0.983333, SHVR, 1474, 40, 36.850000, 92, 104, 
sess0001, 000048, 84, 113, GVWY, 718, 40, 17.950000, O-PRZI, 1080, 60, 18.000000, O-ZIC, 59, 60, 0.983333, SHVR, 1474, 40, 36.850000, 84, 113, 
sess0001, 000060, 15, 140, GVWY, 785, 40, 19.625000, O-PRZI, 1080, 60, 18.000000, O-ZIC, 59, 60, 0.983333, SHVR, 1474, 40, 36.850000, 15, 140, 
sess0001, 000060, 84, 107, GVWY, 785, 40, 19.625000, O-PRZI, 1080, 60, 18.000000, O-ZIC, 115, 60, 1.916667, SHVR, 1558, 40, 38.950000, 84, 107, 
sess0001, 000060, 84, 108, GVWY, 789, 40, 19.725000, O-PRZI, 1080, 60, 18.000000, O-ZIC, 115, 60, 1.916667, SHVR, 1635, 40, 40.875000, 84, 108, 
sess0001, 000060, 84, 106, GVWY, 799, 40, 19.975000, O-PRZI, 1080, 60, 18.000000, O-ZIC, 115, 60, 1.916667, SHVR, 1725, 40, 43.125000, 84, 106, 
sess0001, 000060, 84, 107, GVWY, 844, 40, 21.100000, O-PRZI, 1080, 60, 18.000000, O-ZIC, 115, 60, 1.916667, SHVR, 1752, 40, 43.800000, 84, 107, 
sess0001, 000060, 84, 108, GVWY, 907, 40, 22.675000, O-PRZI, 1080, 60, 18.000000, O-ZIC, 115, 60, 1.916667, SHVR, 1842, 40, 46.050000, 84, 108, 
sess0001, 000060, 84, 106, GVWY, 913, 40, 22.825000, O-PRZI, 1109, 60, 18.483333, O-ZIC, 115, 60, 1.916667, SHVR, 1842, 40, 46.050000, 84, 106, 
sess0001, 000060, 74, 106, GVWY, 971, 40, 24.275000, O-PRZI, 1109, 60, 18.483333, O-ZIC, 115, 60, 1.916667, SHVR, 1842, 40, 46.050000, 74, 106, 
sess0001, 000060, 99, 106, GVWY, 1025, 40, 25.625000, O-PRZI, 1109, 60, 18.483333, O-ZIC, 134, 60, 2.233333, SHVR, 1842, 40, 46.050000, 99, 106, 
sess0001, 000060, 76, 105, GVWY, 1053, 40, 26.325000, O-PRZI, 1178, 60, 19.633333, O-ZIC, 134, 60, 2.233333, SHVR, 1842, 40, 46.050000, 76, 105, 
sess0001, 000060, 75, 105, GVWY, 1061, 40, 26.525000, O-PRZI, 1178, 60, 19.633333, O-ZIC, 134, 60, 2.233333, SHVR, 1948, 40, 48.700000, 75, 105, 
sess0001, 000060, 76, 105, GVWY, 1088, 40, 27.200000, O-PRZI, 1178, 60, 19.633333, O-ZIC, 134, 60, 2.233333, SHVR, 1961, 40, 49.025000, 76, 105, 
sess0001, 000060, 78, 104, GVWY, 1088, 40, 27.200000, O-PRZI, 1192, 60, 19.866667, O-ZIC, 134, 60, 2.233333, SHVR, 2031, 40, 50.775000, 78, 104, 
sess0001, 000060, 78, 105, GVWY, 1088, 40, 27.200000, O-PRZI, 1221, 60, 20.350000, O-ZIC, 134, 60, 2.233333, SHVR, 2085, 40, 52.125000, 78, 105, 
sess0001, 000061, 79, 102, GVWY, 1153, 40, 28.825000, O-PRZI, 1221, 60, 20.350000, O-ZIC, 134, 60, 2.233333, SHVR, 2166, 40, 54.150000, 79, 102, 
sess0001, 000061, 79, 107, GVWY, 1206, 40, 30.150000, O-PRZI, 1221, 60, 20.350000, O-ZIC, 134, 60, 2.233333, SHVR, 2166, 40, 54.150000, 79, 107, 
sess0001, 000061, 78, 107, GVWY, 1208, 40, 30.200000, O-PRZI, 1266, 60, 21.100000, O-ZIC, 134, 60, 2.233333, SHVR, 2166, 40, 54.150000, 78, 107, 
sess0001, 000061, 80, 107, GVWY, 1279, 40, 31.975000, O-PRZI, 1266, 60, 21.100000, O-ZIC, 134, 60, 2.233333, SHVR, 2188, 40, 54.700000, 80, 107, 
sess0001, 000061, 96, 106, GVWY, 1358, 40, 33.950000, O-PRZI, 1266, 60, 21.100000, O-ZIC, 134, 60, 2.233333, SHVR, 2282, 40, 57.050000, 96, 106, 
sess0001, 000061, 95, 97, GVWY, 1358, 40, 33.950000, O-PRZI, 1323, 60, 22.050000, O-ZIC, 134, 60, 2.233333, SHVR, 2294, 40, 57.350000, 95, 97, 
sess0001, 000061, 79, 97, GVWY, 1358, 40, 33.950000, O-PRZI, 1378, 60, 22.966667, O-ZIC, 134, 60, 2.233333, SHVR, 2294, 40, 57.350000, 79, 97, 
sess0001, 000061, 78, 97, GVWY, 1386, 40, 34.650000, O-PRZI, 1378, 60, 22.966667, O-ZIC, 134, 60, 2.233333, SHVR, 2297, 40, 57.425000, 78, 97, 
sess0001, 000061, 78, 96, GVWY, 1386, 40, 34.650000, O-PRZI, 1436, 60, 23.933333, O-ZIC, 134, 60, 2.233333, SHVR, 2297, 40, 57.425000, 78, 96, 
sess0001, 000062, 78, 97, GVWY, 1478, 40, 36.950000, O-PRZI, 1436, 60, 23.933333, O-ZIC, 134, 60, 2.233333, SHVR, 2380, 40, 59.500000, 78, 97, 
sess0001, 000062, 81, 113, GVWY, 1478, 40, 36.950000, O-PRZI, 1487, 60, 24.783333, O-ZIC, 134, 60, 2.233333, SHVR, 2380, 40, 59.500000, 81, 113, 
sess0001, 000062, 82, 121, GVWY, 1478, 40, 36.950000, O-PRZI, 1514, 60, 25.233333, O-ZIC, 134, 60, 2.233333, SHVR, 2380, 40, 59.500000, 82, 121, 
sess0001, 000062, 81, 121, GVWY, 1501, 40, 37.525000, O-PRZI, 1514, 60, 25.233333, O-ZIC, 134, 60, 2.233333, SHVR, 2455, 40, 61.375000, 81, 121, 
sess0001, 000062, 81, 123, GVWY, 1501, 40, 37.525000, O-PRZI, 1645, 60, 27.416667, O-ZIC, 134, 60, 2.233333, SHVR, 2455, 40, 61.375000, 81, 123, 
sess0001, 000063, 97, 124, GVWY, 1501, 40, 37.525000, O-PRZI, 1667, 60, 27.783333, O-ZIC, 134, 60, 2.233333, SHVR, 2455, 40, 61.375000, 97, 124, 
sess0001, 000063, 101, 124, GVWY, 1501, 40, 37.525000, O-PRZI, 1734, 60, 28.900000, O-ZIC, 134, 60, 2.233333, SHVR, 2497, 40, 62.425000, 101, 124, 
sess0001, 000063, 101, 131, GVWY, 1501, 40, 37.525000, O-PRZI, 1800, 60, 30.000000, O-ZIC, 134, 60, 2.233333, SHVR, 2497, 40, 62.425000, 101, 131, 
sess0001, 000064, 101, 137, GVWY, 1501, 40, 37.525000, O-PRZI, 1800, 60, 30.000000, O-ZIC, 134, 60, 2.233333, SHVR, 2530, 40, 63.250000, 101, 137, 
sess0001, 000065, 101, 129, GVWY, 1501, 40, 37.525000, O-PRZI, 1878, 60, 31.300000, O-ZIC, 134, 60, 2.233333, SHVR, 2608, 40, 65.200000, 101, 129, 
sess0001, 000065, 97, 129, GVWY, 1501, 40, 37.525000, O-PRZI, 1904, 60, 31.733333, O-ZIC, 134, 60, 2.233333, SHVR, 2686, 40, 67.150000, 97, 129, 
sess0001, 000066, 99, 137, GVWY, 1501, 40, 37.525000, O-PRZI, 1926, 60, 32.100000, O-ZIC, 134, 60, 2.233333, SHVR, 2686, 40, 67.150000, 99, 137, 
sess0001, 000068, 97, 137, GVWY, 1501, 40, 37.525000, O-PRZI, 1998, 60, 33.300000, O-ZIC, 134, 60, 2.233333, SHVR, 2746, 40, 68.650000, 97, 137, 
sess0001, 000070, 97, 127, GVWY, 1501, 40, 37.525000, O-PRZI, 2067, 60, 34.450000, O-ZIC, 134, 60, 2.233333, SHVR, 2746, 40, 68.650000, 97, 127, 
sess0001, 000071, 97, 127, GVWY, 1501, 40, 37.525000, O-PRZI, 2091, 60, 34.850000, O-ZIC, 134, 60, 2.233333, SHVR, 2746, 40, 68.650000, 97, 127, 
sess0001, 000071, 86, 127, GVWY, 1501, 40, 37.525000, O-PRZI, 2118, 60, 35.300000, O-ZIC, 134, 60, 2.233333, SHVR, 2746, 40, 68.650000, 86, 127, 
sess0001, 000090, 3, 458, GVWY, 1510, 40, 37.750000, O-PRZI, 2118, 60, 35.300000, O-ZIC, 134, 60, 2.233333, SHVR, 2746, 40, 68.650000, 3, 458, 
sess0001, 000090, 62, 131, GVWY, 1563, 40, 39.075000, O-PRZI, 2154, 60, 35.900000, O-ZIC, 134, 60, 2.233333, SHVR, 2746, 40, 68.650000, 62, 131, 
sess0001, 000090, 62, 131, GVWY, 1636, 40, 40.900000, O-PRZI, 2154, 60, 35.900000, O-ZIC, 134, 60, 2.233333, SHVR, 2746, 40, 68.650000, 62, 131, 
sess0001, 000090, 69, 131, GVWY, 1646, 40, 41.150000, O-PRZI, 2220, 60, 37.000000, O-ZIC, 134, 60, 2.233333, SHVR, 2746, 40, 68.650000, 69, 131, 
sess0001, 000090, 71, 127, GVWY, 1691, 40, 42.275000, O-PRZI, 2220, 60, 37.000000, O-ZIC, 134, 60, 2.233333, SHVR, 2861, 40, 71.525000, 71, 127, 
sess0001, 000090, 71, 124, GVWY, 1709, 40, 42.725000, O-PRZI, 2220, 60, 37.000000, O-ZIC, 134, 60, 2.233333, SHVR, 2861, 40, 71.525000, 71, 124, 
sess0001, 000090, 71, 125, GVWY, 1709, 40, 42.725000, O-PRZI, 2286, 60, 38.100000, O-ZIC, 134, 60, 2.233333, SHVR, 2894, 40, 72.350000, 71, 125, 
sess0001, 000090, 71, 128, GVWY, 1709, 40, 42.725000, O-PRZI, 2313, 60, 38.550000, O-ZIC, 134, 60, 2.233333, SHVR, 2894, 40, 72.350000, 71, 128, 
sess0001, 000090, 72, 125, GVWY, 1727, 40, 43.175000, O-PRZI, 2313, 60, 38.550000, O-ZIC, 134, 60, 2.233333, SHVR, 2894, 40, 72.350000, 72, 125, 
sess0001, 000090, 99, 126, GVWY, 1757, 40, 43.925000, O-PRZI, 2313, 60, 38.550000, O-ZIC, 134, 60, 2.233333, SHVR, 2969, 40, 74.225000, 99, 126, 
sess0001, 000090, 100, 123, GVWY, 1812, 40, 45.300000, O-PRZI, 2313, 60, 38.550000, O-ZIC, 134, 60, 2.233333, SHVR, 3048, 40, 76.200000, 100, 123, 
sess0001, 000090, 99, 123, GVWY, 1886, 40, 47.150000, O-PRZI, 2313, 60, 38.550000, O-ZIC, 134, 60, 2.233333, SHVR, 3092, 40, 77.300000, 99, 123, 
sess0001, 000090, 99, 117, GVWY, 1886, 40, 47.150000, O-PRZI, 2337, 60, 38.950000, O-ZIC, 134, 60, 2.233333, SHVR, 3195, 40, 79.875000, 99, 117, 
sess0001, 000091, 99, 117, GVWY, 1958, 40, 48.950000, O-PRZI, 2337, 60, 38.950000, O-ZIC, 134, 60, 2.233333, SHVR, 3281, 40, 82.025000, 99, 117, 
sess0001, 000091, 99, 116, GVWY, 1958, 40, 48.950000, O-PRZI, 2397, 60, 39.950000, O-ZIC, 134, 60, 2.233333, SHVR, 3289, 40, 82.225000, 99, 116, 
sess0001, 000091, 95, 116, GVWY, 1980, 40, 49.500000, O-PRZI, 2426, 60, 40.433333, O-ZIC, 134, 60, 2.233333, SHVR, 3289, 40, 82.225000, 95, 116, 
sess0001, 000091, 93, 116, GVWY, 2004, 40, 50.100000, O-PRZI, 2426, 60, 40.433333, O-ZIC, 134, 60, 2.233333, SHVR, 3289, 40, 82.225000, 93, 116, 
sess0001, 000091, 96, 114, GVWY, 2004, 40, 50.100000, O-PRZI, 2426, 60, 40.433333, O-ZIC, 134, 60, 2.233333, SHVR, 3374, 40, 84.350000, 96, 114, 
sess0001, 000091, 93, 112, GVWY, 2049, 40, 51.225000, O-PRZI, 2426, 60, 40.433333, O-ZIC, 134, 60, 2.233333, SHVR, 3457, 40, 86.425000, 93, 112, 
sess0001, 000092, 103, 108, GVWY, 2092, 40, 52.300000, O-PRZI, 2426, 60, 40.433333, O-ZIC, 134, 60, 2.233333, SHVR, 3545, 40, 88.625000, 103, 108, 
sess0001, 000092, 103, 106, GVWY, 2092, 40, 52.300000, O-PRZI, 2496, 60, 41.600000, O-ZIC, 134, 60, 2.233333, SHVR, 3635, 40, 90.875000, 103, 106, 
sess0001, 000092, 102, 105, GVWY, 2093, 40, 52.325000, O-PRZI, 2496, 60, 41.600000, O-ZIC, 134, 60, 2.233333, SHVR, 3692, 40, 92.300000, 102, 105, 
sess0001, 000092, 102, 106, GVWY, 2155, 40, 53.875000, O-PRZI, 2496, 60, 41.600000, O-ZIC, 134, 60, 2.233333, SHVR, 3763, 40, 94.075000, 102, 106, 
sess0001, 000092, 97, 106, GVWY, 2155, 40, 53.875000, O-PRZI, 2554, 60, 42.566667, O-ZIC, 134, 60, 2.233333, SHVR, 3763, 40, 94.075000, 97, 106, 
sess0001, 000092, 97, 107, GVWY, 2155, 40, 53.875000, O-PRZI, 2572, 60, 42.866667, O-ZIC, 134, 60, 2.233333, SHVR, 3847, 40, 96.175000, 97, 107, 
sess0001, 000093, 99, 108, GVWY, 2234, 40, 55.850000, O-PRZI, 2572, 60, 42.866667, O-ZIC, 134, 60, 2.233333, SHVR, 3935, 40, 98.375000, 99, 108, 
sess0001, 000093, 99, 108, GVWY, 2234, 40, 55.850000, O-PRZI, 2624, 60, 43.733333, O-ZIC, 134, 60, 2.233333, SHVR, 3963, 40, 99.075000, 99, 108, 
sess0001, 000094, 104, 108, GVWY, 2234, 40, 55.850000, O-PRZI, 2670, 60, 44.500000, O-ZIC, 134, 60, 2.233333, SHVR, 3975, 40, 99.375000, 104, 108, 
sess0001, 000094, 99, 108, GVWY, 2234, 40, 55.850000, O-PRZI, 2708, 60, 45.133333, O-ZIC, 192, 60, 3.200000, SHVR, 3975, 40, 99.375000, 99, 108, 
sess0001, 000094, 99, 108, GVWY, 2297, 40, 57.425000, O-PRZI, 2708, 60, 45.133333, O-ZIC, 192, 60, 3.200000, SHVR, 3998, 40, 99.950000, 99, 108, 
sess0001, 000094, 99, 124, GVWY, 2297, 40, 57.425000, O-PRZI, 2848, 60, 47.466667, O-ZIC, 192, 60, 3.200000, SHVR, 3998, 40, 99.950000, 99, 124, 
sess0001, 000096, 102, 121, GVWY, 2297, 40, 57.425000, O-PRZI, 2848, 60, 47.466667, O-ZIC, 258, 60, 4.300000, SHVR, 4059, 40, 101.475000, 102, 121, 
sess0001, 000097, 97, 124, GVWY, 2297, 40, 57.425000, O-PRZI, 2892, 60, 48.200000, O-ZIC, 258, 60, 4.300000, SHVR, 4112, 40, 102.800000, 97, 124, 
sess0001, 000103, 97, 124, GVWY, 2297, 40, 57.425000, O-PRZI, 2974, 60, 49.566667, O-ZIC, 258, 60, 4.300000, SHVR, 4112, 40, 102.800000, 97, 124, 
sess0001, 000109, 85, 124, GVWY, 2297, 40, 57.425000, O-PRZI, 2991, 60, 49.850000, O-ZIC, 258, 60, 4.300000, SHVR, 4112, 40, 102.800000, 85, 124, 
sess0001, 000112, 82, 124, GVWY, 2297, 40, 57.425000, O-PRZI, 3040, 60, 50.666667, O-ZIC, 258, 60, 4.300000, SHVR, 4112, 40, 102.800000, 82, 124, 
sess0001, 000113, 82, 124, GVWY, 2297, 40, 57.425000, O-PRZI, 3087, 60, 51.450000, O-ZIC, 258, 60, 4.300000, SHVR, 4112, 40, 102.800000, 82, 124, 
sess0001, 000119, 83, 124, GVWY, 2297, 40, 57.425000, O-PRZI, 3151, 60, 52.516667, O-ZIC, 258, 60, 4.300000, SHVR, 4112, 40, 102.800000, 83, 124, 
sess0001, 000120, 97, 176, GVWY, 2297, 40, 57.425000, O-PRZI, 3187, 60, 53.116667, O-ZIC, 258, 60, 4.300000, SHVR, 4112, 40, 102.800000, 97, 176, 
sess0001, 000120, 97, 176, GVWY, 2301, 40, 57.525000, O-PRZI, 3187, 60, 53.116667, O-ZIC, 258, 60, 4.300000, SHVR, 4112, 40, 102.800000, 97, 176, 
sess0001, 000120, 71, 113, GVWY, 2352, 40, 58.800000, O-PRZI, 3230, 60, 53.833333, O-ZIC, 258, 60, 4.300000, SHVR, 4112, 40, 102.800000, 71, 113, 
sess0001, 000120, 87, 113, GVWY, 2352, 40, 58.800000, O-PRZI, 3308, 60, 55.133333, O-ZIC, 258, 60, 4.300000, SHVR, 4194, 40, 104.850000, 87, 113, 
sess0001, 000120, 88, 112, GVWY, 2390, 40, 59.750000, O-PRZI, 3308, 60, 55.133333, O-ZIC, 258, 60, 4.300000, SHVR, 4202, 40, 105.050000, 88, 112, 
sess0001, 000120, 87, 112, GVWY, 2401, 40, 60.025000, O-PRZI, 3308, 60, 55.133333, O-ZIC, 258, 60, 4.300000, SHVR, 4258, 40, 106.450000, 87, 112, 
sess0001, 000120, 76, 112, GVWY, 2429, 40, 60.725000, O-PRZI, 3311, 60, 55.183333, O-ZIC, 258, 60, 4.300000, SHVR, 4258, 40, 106.450000, 76, 112, 
sess0001, 000120, 74, 97, GVWY, 2429, 40, 60.725000, O-PRZI, 3343, 60, 55.716667, O-ZIC, 258, 60, 4.300000, SHVR, 4266, 40, 106.650000, 74, 97, 
sess0001, 000120, 75, 112, GVWY, 2516, 40, 62.900000, O-PRZI, 3343, 60, 55.716667, O-ZIC, 258, 60, 4.300000, SHVR, 4266, 40, 106.650000, 75, 112, 
sess0001, 000120, 106, 110, GVWY, 2578, 40, 64.450000, O-PRZI, 3343, 60, 55.716667, O-ZIC, 258, 60, 4.300000, SHVR, 4280, 40, 107.000000, 106, 110, 
sess0001, 000120, 106, 110, GVWY, 2581, 40, 64.525000, O-PRZI, 3343, 60, 55.716667, O-ZIC, 258, 60, 4.300000, SHVR, 4353, 40, 108.825000, 106, 110, 
sess0001, 000120, 106, 111, GVWY, 2602, 40, 65.050000, O-PRZI, 3343, 60, 55.716667, O-ZIC, 258, 60, 4.300000, SHVR, 4372, 40, 109.300000, 106, 111, 
sess0001, 000120, 106, 113, GVWY, 2606, 40, 65.150000, O-PRZI, 3343, 60, 55.716667, O-ZIC, 258, 60, 4.300000, SHVR, 4466, 40, 111.650000, 106, 113, 
sess0001, 000120, 89, 113, GVWY, 2610, 40, 65.250000, O-PRZI, 3405, 60, 56.750000, O-ZIC, 258, 60, 4.300000, SHVR, 4466, 40, 111.650000, 89, 113, 
sess0001, 000121, 96, 113, GVWY, 2610, 40, 65.250000, O-PRZI, 3468, 60, 57.800000, O-ZIC, 258, 60, 4.300000, SHVR, 4565, 40, 114.125000, 96, 113, 
sess0001, 000121, 97, 129, GVWY, 2652, 40, 66.300000, O-PRZI, 3468, 60, 57.800000, O-ZIC, 258, 60, 4.300000, SHVR, 4565, 40, 114.125000, 97, 129, 
sess0001, 000121, 98, 129, GVWY, 2701, 40, 67.525000, O-PRZI, 3468, 60, 57.800000, O-ZIC, 258, 60, 4.300000, SHVR, 4660, 40, 116.500000, 98, 129, 
sess0001, 000121, 111, 125, GVWY, 2787, 40, 69.675000, O-PRZI, 3468, 60, 57.800000, O-ZIC, 258, 60, 4.300000, SHVR, 4708, 40, 117.700000, 111, 125, 
sess0001, 000121, 108, 125, GVWY, 2830, 40, 70.750000, O-PRZI, 3468, 60, 57.800000, O-ZIC, 258, 60, 4.300000, SHVR, 4708, 40, 117.700000, 108, 125, 
sess0001, 000121, 108, 123, GVWY, 2830, 40, 70.750000, O-PRZI, 3473, 60, 57.883333, O-ZIC, 258, 60, 4.300000, SHVR, 4820, 40, 120.500000, 108, 123, 
sess0001, 000121, 100, 123, GVWY, 2830, 40, 70.750000, O-PRZI, 3542, 60, 59.033333, O-ZIC, 258, 60, 4.300000, SHVR, 4820, 40, 120.500000, 100, 123, 
sess0001, 000122, 111, 119, GVWY, 2901, 40, 72.525000, O-PRZI, 3542, 60, 59.033333, O-ZIC, 258, 60, 4.300000, SHVR, 4917, 40, 122.925000, 111, 119, 
sess0001, 000122, 112, 117, GVWY, 2922, 40, 73.050000, O-PRZI, 3545, 60, 59.083333, O-ZIC, 258, 60, 4.300000, SHVR, 4917, 40, 122.925000, 112, 117, 
sess0001, 000122, 114, 118, GVWY, 2922, 40, 73.050000, O-PRZI, 3581, 60, 59.683333, O-ZIC, 258, 60, 4.300000, SHVR, 4955, 40, 123.875000, 114, 118, 
sess0001, 000122, 114, 117, GVWY, 2922, 40, 73.050000, O-PRZI, 3674, 60, 61.233333, O-ZIC, 258, 60, 4.300000, SHVR, 4955, 40, 123.875000, 114, 117, 
sess0001, 000122, 114, 117, GVWY, 2922, 40, 73.050000, O-PRZI, 3749, 60, 62.483333, O-ZIC, 258, 60, 4.300000, SHVR, 5019, 40, 125.475000, 114, 117, 
sess0001, 000122, 113, 117, GVWY, 2922, 40, 73.050000, O-PRZI, 3788, 60, 63.133333, O-ZIC, 258, 60, 4.300000, SHVR, 5062, 40, 126.550000, 113, 117, 
sess0001, 000123, 113, 116, GVWY, 2958, 40, 73.950000, O-PRZI, 3788, 60, 63.133333, O-ZIC, 258, 60, 4.300000, SHVR, 5093, 40, 127.325000, 113, 116, 
sess0001, 000123, 111, 115, GVWY, 2958, 40, 73.950000, O-PRZI, 3877, 60, 64.616667, O-ZIC, 258, 60, 4.300000, SHVR, 5144, 40, 128.600000, 111, 115, 
sess0001, 000124, 113, 115, GVWY, 2958, 40, 73.950000, O-PRZI, 3905, 60, 65.083333, O-ZIC, 258, 60, 4.300000, SHVR, 5208, 40, 130.200000, 113, 115, 
sess0001, 000124, 113, 115, GVWY, 2958, 40, 73.950000, O-PRZI, 3939, 60, 65.650000, O-ZIC, 258, 60, 4.300000, SHVR, 5307, 40, 132.675000, 113, 115, 
sess0001, 000124, 101, 115, GVWY, 3001, 40, 75.025000, O-PRZI, 3939, 60, 65.650000, O-ZIC, 258, 60, 4.300000, SHVR, 5375, 40, 134.375000, 101, 115, 
sess0001, 000128, 95, 108, GVWY, 3001, 40, 75.025000, O-PRZI, 4021, 60, 67.016667, O-ZIC, 258, 60, 4.300000, SHVR, 5375, 40, 134.375000, 95, 108, 
sess0001, 000128, 93, 108, GVWY, 3001, 40, 75.025000, O-PRZI, 4081, 60, 68.016667, O-ZIC, 258, 60, 4.300000, SHVR, 5375, 40, 134.375000, 93, 108, 
sess0001, 000129, 95, 124, GVWY, 3001, 40, 75.025000, O-PRZI, 4108, 60, 68.466667, O-ZIC, 258, 60, 4.300000, SHVR, 5459, 40, 136.475000, 95, 124, 
sess0001, 000130, 93, 124, GVWY, 3001, 40, 75.025000, O-PRZI, 4125, 60, 68.750000, O-ZIC, 323, 60, 5.383333, SHVR, 5459, 40, 136.475000, 93, 124, 
sess0001, 000131, 82, 124, GVWY, 3001, 40, 75.025000, O-PRZI, 4189, 60, 69.816667, O-ZIC, 323, 60, 5.383333, SHVR, 5459, 40, 136.475000, 82, 124, 
sess0001, 000139, 87, 124, GVWY, 3001, 40, 75.025000, O-PRZI, 4265, 60, 71.083333, O-ZIC, 323, 60, 5.383333, SHVR, 5459, 40, 136.475000, 87, 124, 
sess0001, 000150, 76, 123, GVWY, 3032, 40, 75.800000, O-PRZI, 4265, 60, 71.083333, O-ZIC, 323, 60, 5.383333, SHVR, 5546, 40, 138.650000, 76, 123, 
sess0001, 000150, 95, 228, GVWY, 3080, 40, 77.000000, O-PRZI, 4277, 60, 71.283333, O-ZIC, 323, 60, 5.383333, SHVR, 5546, 40, 138.650000, 95, 228, 
sess0001, 000150, 133, 193, GVWY, 3087, 40, 77.175000, O-PRZI, 4277, 60, 71.283333, O-ZIC, 323, 60, 5.383333, SHVR, 5546, 40, 138.650000, 133, 193, 
sess0001, 000150, 95, 193, GVWY, 3152, 40, 78.800000, O-PRZI, 4319, 60, 71.983333, O-ZIC, 323, 60, 5.383333, SHVR, 5546, 40, 138.650000, 95, 193, 
sess0001, 000150, 177, 192, GVWY, 3259, 40, 81.475000, O-PRZI, 4319, 60, 71.983333, O-ZIC, 323, 60, 5.383333, SHVR, 5546, 40, 138.650000, 177, 192, 
sess0001, 000150, 155, 192, GVWY, 3343, 40, 83.575000, O-PRZI, 4319, 60, 71.983333, O-ZIC, 323, 60, 5.383333, SHVR, 5546, 40, 138.650000, 155, 192, 
sess0001, 000150, 139, 191, GVWY, 3361, 40, 84.025000, O-PRZI, 4319, 60, 71.983333, O-ZIC, 323, 60, 5.383333, SHVR, 5546, 40, 138.650000, 139, 191, 
sess0001, 000150, 139, 172, GVWY, 3361, 40, 84.025000, O-PRZI, 4337, 60, 72.283333, O-ZIC, 323, 60, 5.383333, SHVR, 5588, 40, 139.700000, 139, 172, 
sess0001, 000150, 139, 172, GVWY, 3370, 40, 84.250000, O-PRZI, 4337, 60, 72.283333, O-ZIC, 323, 60, 5.383333, SHVR, 5592, 40, 139.800000, 139, 172, 
sess0001, 000150, 115, 170, GVWY, 3370, 40, 84.250000, O-PRZI, 4416, 60, 73.600000, O-ZIC, 346, 60, 5.766667, SHVR, 5592, 40, 139.800000, 115, 170, 
sess0001, 000150, 115, 156, GVWY, 3375, 40, 84.375000, O-PRZI, 4416, 60, 73.600000, O-ZIC, 346, 60, 5.766667, SHVR, 5592, 40, 139.800000, 115, 156, 
sess0001, 000150, 111, 154, GVWY, 3388, 40, 84.700000, O-PRZI, 4416, 60, 73.600000, O-ZIC, 346, 60, 5.766667, SHVR, 5592, 40, 139.800000, 111, 154, 
sess0001, 000150, 97, 154, GVWY, 3448, 40, 86.200000, O-PRZI, 4416, 60, 73.600000, O-ZIC, 346, 60, 5.766667, SHVR, 5592, 40, 139.800000, 97, 154, 
sess0001, 000151, 149, 152, GVWY, 3485, 40, 87.125000, O-PRZI, 4416, 60, 73.600000, O-ZIC, 346, 60, 5.766667, SHVR, 5602, 40, 140.050000, 149, 152, 
sess0001, 000151, 97, 149, GVWY, 3485, 40, 87.125000, O-PRZI, 4484, 60, 74.733333, O-ZIC, 346, 60, 5.766667, SHVR, 5602, 40, 140.050000, 97, 149, 
sess0001, 000151, 95, 102, GVWY, 3511, 40, 87.775000, O-PRZI, 4484, 60, 74.733333, O-ZIC, 346, 60, 5.766667, SHVR, 5602, 40, 140.050000, 95, 102, 
sess0001, 000151, 95, 102, GVWY, 3511, 40, 87.775000, O-PRZI, 4531, 60, 75.516667, O-ZIC, 346, 60, 5.766667, SHVR, 5690, 40, 142.250000, 95, 102, 
sess0001, 000151, 91, 101, GVWY, 3511, 40, 87.775000, O-PRZI, 4582, 60, 76.366667, O-ZIC, 346, 60, 5.766667, SHVR, 5690, 40, 142.250000, 91, 101, 
sess0001, 000151, 91, 101, GVWY, 3581, 40, 89.525000, O-PRZI, 4582, 60, 76.366667, O-ZIC, 346, 60, 5.766667, SHVR, 5711, 40, 142.775000, 91, 101, 
sess0001, 000152, 85, 97, GVWY, 3581, 40, 89.525000, O-PRZI, 4639, 60, 77.316667, O-ZIC, 346, 60, 5.766667, SHVR, 5757, 40, 143.925000, 85, 97, 
sess0001, 000152, 84, 97, GVWY, 3607, 40, 90.175000, O-PRZI, 4639, 60, 77.316667, O-ZIC, 346, 60, 5.766667, SHVR, 5851, 40, 146.275000, 84, 97, 
sess0001, 000152, 82, 96, GVWY, 3665, 40, 91.625000, O-PRZI, 4639, 60, 77.316667, O-ZIC, 346, 60, 5.766667, SHVR, 5851, 40, 146.275000, 82, 96, 
sess0001, 000152, 82, 95, GVWY, 3665, 40, 91.625000, O-PRZI, 4713, 60, 78.550000, O-ZIC, 346, 60, 5.766667, SHVR, 5854, 40, 146.350000, 82, 95, 
sess0001, 000152, 83, 95, GVWY, 3759, 40, 93.975000, O-PRZI, 4713, 60, 78.550000, O-ZIC, 346, 60, 5.766667, SHVR, 5915, 40, 147.875000, 83, 95, 
sess0001, 000152, 83, 95, GVWY, 3795, 40, 94.875000, O-PRZI, 4713, 60, 78.550000, O-ZIC, 346, 60, 5.766667, SHVR, 5915, 40, 147.875000, 83, 95, 
sess0001, 000152, 82, 95, GVWY, 3795, 40, 94.875000, O-PRZI, 4730, 60, 78.833333, O-ZIC, 346, 60, 5.766667, SHVR, 6012, 40, 150.300000, 82, 95, 
sess0001, 000153, 79, 88, GVWY, 3795, 40, 94.875000, O-PRZI, 4788, 60, 79.800000, O-ZIC, 346, 60, 5.766667, SHVR, 6012, 40, 150.300000, 79, 88, 
sess0001, 000153, 79, 86, GVWY, 3795, 40, 94.875000, O-PRZI, 4788, 60, 79.800000, O-ZIC, 371, 60, 6.183333, SHVR, 6075, 40, 151.875000, 79, 86, 
sess0001, 000153, 79, 86, GVWY, 3795, 40, 94.875000, O-PRZI, 4807, 60, 80.116667, O-ZIC, 371, 60, 6.183333, SHVR, 6143, 40, 153.575000, 79, 86, 
sess0001, 000153, 80, 86, GVWY, 3795, 40, 94.875000, O-PRZI, 4862, 60, 81.033333, O-ZIC, 371, 60, 6.183333, SHVR, 6144, 40, 153.600000, 80, 86, 
sess0001, 000153, 80, 87, GVWY, 3795, 40, 94.875000, O-PRZI, 4909, 60, 81.816667, O-ZIC, 371, 60, 6.183333, SHVR, 6200, 40, 155.000000, 80, 87, 
sess0001, 000153, 79, 87, GVWY, 3795, 40, 94.875000, O-PRZI, 4962, 60, 82.700000, O-ZIC, 371, 60, 6.183333, SHVR, 6276, 40, 156.900000, 79, 87, 
sess0001, 000154, 79, 87, GVWY, 3795, 40, 94.875000, O-PRZI, 5029, 60, 83.816667, O-ZIC, 371, 60, 6.183333, SHVR, 6276, 40, 156.900000, 79, 87, 
sess0001, 000154, 79, 90, GVWY, 3795, 40, 94.875000, O-PRZI, 5029, 60, 83.816667, O-ZIC, 404, 60, 6.733333, SHVR, 6347, 40, 158.675000, 79, 90, 
sess0001, 000154, 79, 97, GVWY, 3795, 40, 94.875000, O-PRZI, 5074, 60, 84.566667, O-ZIC, 404, 60, 6.733333, SHVR, 6426, 40, 160.650000, 79, 97, 
sess0001, 000155, 83, 104, GVWY, 3795, 40, 94.875000, O-PRZI, 5167, 60, 86.116667, O-ZIC, 404, 60, 6.733333, SHVR, 6426, 40, 160.650000, 83, 104, 
sess0001, 000155, 83, 124, GVWY, 3795, 40, 94.875000, O-PRZI, 5191, 60, 86.516667, O-ZIC, 404, 60, 6.733333, SHVR, 6426, 40, 160.650000, 83, 124, 
sess0001, 000156, 86, 123, GVWY, 3795, 40, 94.875000, O-PRZI, 5228, 60, 87.133333, O-ZIC, 404, 60, 6.733333, SHVR, 6426, 40, 160.650000, 86, 123, 
sess0001, 000156, 83, 122, GVWY, 3795, 40, 94.875000, O-PRZI, 5279, 60, 87.983333, O-ZIC, 404, 60, 6.733333, SHVR, 6426, 40, 160.650000, 83, 122, 
sess0001, 000158, 84, 122, GVWY, 3795, 40, 94.875000, O-PRZI, 5328, 60, 88.800000, O-ZIC, 404, 60, 6.733333, SHVR, 6426, 40, 160.650000, 84, 122, 
sess0001, 000159, 84, 121, GVWY, 3795, 40, 94.875000, O-PRZI, 5342, 60, 89.033333, O-ZIC, 477, 60, 7.950000, SHVR, 6426, 40, 160.650000, 84, 121, 
sess0001, 000159, 77, 121, GVWY, 3795, 40, 94.875000, O-PRZI, 5373, 60, 89.550000, O-ZIC, 493, 60, 8.216667, SHVR, 6426, 40, 160.650000, 77, 121, 
sess0001, 000165, 75, 116, GVWY, 3795, 40, 94.875000, O-PRZI, 5415, 60, 90.250000, O-ZIC, 493, 60, 8.216667, SHVR, 6426, 40, 160.650000, 75, 116, 
sess0001, 000180, 36, 97, GVWY, 3850, 40, 96.250000, O-PRZI, 5415, 60, 90.250000, O-ZIC, 493, 60, 8.216667, SHVR, 6472, 40, 161.800000, 36, 97, 
sess0001, 000180, 92, 95, GVWY, 3867, 40, 96.675000, O-PRZI, 5415, 60, 90.250000, O-ZIC, 493, 60, 8.216667, SHVR, 6549, 40, 163.725000, 92, 95, 
sess0001, 000180, 50, 94, GVWY, 3867, 40, 96.675000, O-PRZI, 5530, 60, 92.166667, O-ZIC, 493, 60, 8.216667, SHVR, 6549, 40, 163.725000, 50, 94, 
sess0001, 000180, 72, 94, GVWY, 3869, 40, 96.725000, O-PRZI, 5530, 60, 92.166667, O-ZIC, 493, 60, 8.216667, SHVR, 6609, 40, 165.225000, 72, 94, 
sess0001, 000180, 72, 94, GVWY, 3874, 40, 96.850000, O-PRZI, 5530, 60, 92.166667, O-ZIC, 493, 60, 8.216667, SHVR, 6644, 40, 166.100000, 72, 94, 
sess0001, 000180, 71, 93, GVWY, 3895, 40, 97.375000, O-PRZI, 5530, 60, 92.166667, O-ZIC, 493, 60, 8.216667, SHVR, 6751, 40, 168.775000, 71, 93, 
sess0001, 000180, 72, 94, GVWY, 3917, 40, 97.925000, O-PRZI, 5530, 60, 92.166667, O-ZIC, 493, 60, 8.216667, SHVR, 6822, 40, 170.550000, 72, 94, 
sess0001, 000180, 87, 94, GVWY, 3933, 40, 98.325000, O-PRZI, 5579, 60, 92.983333, O-ZIC, 493, 60, 8.216667, SHVR, 6822, 40, 170.550000, 87, 94, 
sess0001, 000180, 88, 97, GVWY, 3933, 40, 98.325000, O-PRZI, 5638, 60, 93.966667, O-ZIC, 493, 60, 8.216667, SHVR, 6825, 40, 170.625000, 88, 97, 
sess0001, 000180, 87, 97, GVWY, 3995, 40, 99.875000, O-PRZI, 5638, 60, 93.966667, O-ZIC, 493, 60, 8.216667, SHVR, 6881, 40, 172.025000, 87, 97, 
sess0001, 000180, 87, 118, GVWY, 4069, 40, 101.725000, O-PRZI, 5638, 60, 93.966667, O-ZIC, 493, 60, 8.216667, SHVR, 6881, 40, 172.025000, 87, 118, 
sess0001, 000180, 87, 118, GVWY, 4119, 40, 102.975000, O-PRZI, 5638, 60, 93.966667, O-ZIC, 493, 60, 8.216667, SHVR, 6902, 40, 172.550000, 87, 118, 
sess0001, 000180, 97, 118, GVWY, 4146, 40, 103.650000, O-PRZI, 5638, 60, 93.966667, O-ZIC, 493, 60, 8.216667, SHVR, 6964, 40, 174.100000, 97, 118, 
sess0001, 000180, 90, 117, GVWY, 4150, 40, 103.750000, O-PRZI, 5638, 60, 93.966667, O-ZIC, 515, 60, 8.583333, SHVR, 6964, 40, 174.100000, 90, 117, 
sess0001, 000181, 90, 94, GVWY, 4182, 40, 104.550000, O-PRZI, 5638, 60, 93.966667, O-ZIC, 515, 60, 8.583333, SHVR, 7053, 40, 176.325000, 90, 94, 
sess0001, 000181, 90, 105, GVWY, 4182, 40, 104.550000, O-PRZI, 5712, 60, 95.200000, O-ZIC, 515, 60, 8.583333, SHVR, 7136, 40, 178.400000, 90, 105, 
sess0001, 000181, 90, 116, GVWY, 4254, 40, 106.350000, O-PRZI, 5712, 60, 95.200000, O-ZIC, 583, 60, 9.716667, SHVR, 7136, 40, 178.400000, 90, 116, 
sess0001, 000181, 87, 116, GVWY, 4298, 40, 107.450000, O-PRZI, 5757, 60, 95.950000, O-ZIC, 583, 60, 9.716667, SHVR, 7136, 40, 178.400000, 87, 116, 
sess0001, 000181, 87, 118, GVWY, 4337, 40, 108.425000, O-PRZI, 5757, 60, 95.950000, O-ZIC, 583, 60, 9.716667, SHVR, 7232, 40, 180.800000, 87, 118, 
sess0001, 000181, 107, 117, GVWY, 4409, 40, 110.225000, O-PRZI, 5757, 60, 95.950000, O-ZIC, 583, 60, 9.716667, SHVR, 7333, 40, 183.325000, 107, 117, 
sess0001, 000181, 84, 117, GVWY, 4409, 40, 110.225000, O-PRZI, 5853, 60, 97.550000, O-ZIC, 583, 60, 9.716667, SHVR, 7333, 40, 183.325000, 84, 117, 
sess0001, 000181, 84, 118, GVWY, 4423, 40, 110.575000, O-PRZI, 5853, 60, 97.550000, O-ZIC, 583, 60, 9.716667, SHVR, 7366, 40, 184.150000, 84, 118, 
sess0001, 000181, 84, 118, GVWY, 4490, 40, 112.250000, O-PRZI, 5853, 60, 97.550000, O-ZIC, 583, 60, 9.716667, SHVR, 7453, 40, 186.325000, 84, 118, 
sess0001, 000181, 84, 118, GVWY, 4496, 40, 112.400000, O-PRZI, 5878, 60, 97.966667, O-ZIC, 583, 60, 9.716667, SHVR, 7453, 40, 186.325000, 84, 118, 
sess0001, 000181, 84, 124, GVWY, 4496, 40, 112.400000, O-PRZI, 5908, 60, 98.466667, O-ZIC, 639, 60, 10.650000, SHVR, 7453, 40, 186.325000, 84, 124, 
sess0001, 000182, 84, 124, GVWY, 4496, 40, 112.400000, O-PRZI, 5977, 60, 99.616667, O-ZIC, 639, 60, 10.650000, SHVR, 7453, 40, 186.325000, 84, 124, 
sess0001, 000182, 84, 131, GVWY, 4496, 40, 112.400000, O-PRZI, 6043, 60, 100.716667, O-ZIC, 639, 60, 10.650000, SHVR, 7453, 40, 186.325000, 84, 131, 
sess0001, 000182, 125, 131, GVWY, 4509, 40, 112.725000, O-PRZI, 6043, 60, 100.716667, O-ZIC, 639, 60, 10.650000, SHVR, 7491, 40, 187.275000, 125, 131, 
sess0001, 000182, 124, 131, GVWY, 4509, 40, 112.725000, O-PRZI, 6128, 60, 102.133333, O-ZIC, 639, 60, 10.650000, SHVR, 7548, 40, 188.700000, 124, 131, 
sess0001, 000183, 126, 137, GVWY, 4548, 40, 113.700000, O-PRZI, 6128, 60, 102.133333, O-ZIC, 639, 60, 10.650000, SHVR, 7548, 40, 188.700000, 126, 137, 
sess0001, 000183, 124, 137, GVWY, 4548, 40, 113.700000, O-PRZI, 6230, 60, 103.833333, O-ZIC, 639, 60, 10.650000, SHVR, 7579, 40, 189.475000, 124, 137, 
sess0001, 000183, 89, 137, GVWY, 4568, 40, 114.200000, O-PRZI, 6230, 60, 103.833333, O-ZIC, 677, 60, 11.283333, SHVR, 7579, 40, 189.475000, 89, 137, 
sess0001, 000183, 89, 137, GVWY, 4568, 40, 114.200000, O-PRZI, 6281, 60, 104.683333, O-ZIC, 677, 60, 11.283333, SHVR, 7586, 40, 189.650000, 89, 137, 
sess0001, 000184, 89, 140, GVWY, 4568, 40, 114.200000, O-PRZI, 6319, 60, 105.316667, O-ZIC, 677, 60, 11.283333, SHVR, 7586, 40, 189.650000, 89, 140, 
sess0001, 000186, 86, 106, GVWY, 4568, 40, 114.200000, O-PRZI, 6354, 60, 105.900000, O-ZIC, 677, 60, 11.283333, SHVR, 7612, 40, 190.300000, 86, 106, 
sess0001, 000187, 86, 93, GVWY, 4568, 40, 114.200000, O-PRZI, 6364, 60, 106.066667, O-ZIC, 677, 60, 11.283333, SHVR, 7691, 40, 192.275000, 86, 93, 
sess0001, 000187, 84, 93, GVWY, 4568, 40, 114.200000, O-PRZI, 6401, 60, 106.683333, O-ZIC, 677, 60, 11.283333, SHVR, 7691, 40, 192.275000, 84, 93, 
sess0001, 000190, 84, 105, GVWY, 4568, 40, 114.200000, O-PRZI, 6428, 60, 107.133333, O-ZIC, 694, 60, 11.566667, SHVR, 7691, 40, 192.275000, 84, 105, 
sess0001, 000203, 84, 127, GVWY, 4568, 40, 114.200000, O-PRZI, 6481, 60, 108.016667, O-ZIC, 694, 60, 11.566667, SHVR, 7691, 40, 192.275000, 84, 127, 
sess0001, 000210, 82, 171, GVWY, 4568, 40, 114.200000, O-PRZI, 6623, 60, 110.383333, O-ZIC, 694, 60, 11.566667, SHVR, 7691, 40, 192.275000, 82, 171, 
sess0001, 000210, 82, 361, GVWY, 4581, 40, 114.525000, O-PRZI, 6623, 60, 110.383333, O-ZIC, 694, 60, 11.566667, SHVR, 7691, 40, 192.275000, 82, 361, 
sess0001, 000210, 138, 148, GVWY, 4661, 40, 116.525000, O-PRZI, 6623, 60, 110.383333, O-ZIC, 694, 60, 11.566667, SHVR, 7712, 40, 192.800000, 138, 148, 
sess0001, 000210, 137, 148, GVWY, 4686, 40, 117.150000, O-PRZI, 6623, 60, 110.383333, O-ZIC, 694, 60, 11.566667, SHVR, 7756, 40, 193.900000, 137, 148, 
sess0001, 000210, 135, 148, GVWY, 4730, 40, 118.250000, O-PRZI, 6623, 60, 110.383333, O-ZIC, 694, 60, 11.566667, SHVR, 7799, 40, 194.975000, 135, 148, 
sess0001, 000210, 134, 147, GVWY, 4839, 40, 120.975000, O-PRZI, 6623, 60, 110.383333, O-ZIC, 694, 60, 11.566667, SHVR, 7821, 40, 195.525000, 134, 147, 
sess0001, 000210, 134, 148, GVWY, 4869, 40, 121.725000, O-PRZI, 6623, 60, 110.383333, O-ZIC, 694, 60, 11.566667, SHVR, 7889, 40, 197.225000, 134, 148, 
sess0001, 000210, 108, 148, GVWY, 4926, 40, 123.150000, O-PRZI, 6657, 60, 110.950000, O-ZIC, 694, 60, 11.566667, SHVR, 7889, 40, 197.225000, 108, 148, 
sess0001, 000210, 109, 148, GVWY, 4940, 40, 123.500000, O-PRZI, 6657, 60, 110.950000, O-ZIC, 694, 60, 11.566667, SHVR, 7889, 40, 197.225000, 109, 148, 
sess0001, 000210, 108, 147, GVWY, 4979, 40, 124.475000, O-PRZI, 6657, 60, 110.950000, O-ZIC, 694, 60, 11.566667, SHVR, 7943, 40, 198.575000, 108, 147, 
sess0001, 000210, 108, 134, GVWY, 5026, 40, 125.650000, O-PRZI, 6657, 60, 110.950000, O-ZIC, 694, 60, 11.566667, SHVR, 7943, 40, 198.575000, 108, 134, 
sess0001, 000211, 105, 132, GVWY, 5026, 40, 125.650000, O-PRZI, 6694, 60, 111.566667, O-ZIC, 694, 60, 11.566667, SHVR, 7943, 40, 198.575000, 105, 132, 
sess0001, 000211, 105, 133, GVWY, 5082, 40, 127.050000, O-PRZI, 6694, 60, 111.566667, O-ZIC, 694, 60, 11.566667, SHVR, 8060, 40, 201.500000, 105, 133, 
sess0001, 000211, 106, 134, GVWY, 5104, 40, 127.600000, O-PRZI, 6694, 60, 111.566667, O-ZIC, 694, 60, 11.566667, SHVR, 8182, 40, 204.550000, 106, 134, 
sess0001, 000211, 105, 134, GVWY, 5106, 40, 127.650000, O-PRZI, 6694, 60, 111.566667, O-ZIC, 694, 60, 11.566667, SHVR, 8255, 40, 206.375000, 105, 134, 
sess0001, 000211, 105, 136, GVWY, 5143, 40, 128.575000, O-PRZI, 6694, 60, 111.566667, O-ZIC, 694, 60, 11.566667, SHVR, 8359, 40, 208.975000, 105, 136, 
sess0001, 000211, 105, 137, GVWY, 5158, 40, 128.950000, O-PRZI, 6694, 60, 111.566667, O-ZIC, 694, 60, 11.566667, SHVR, 8400, 40, 210.000000, 105, 137, 
sess0001, 000211, 105, 137, GVWY, 5243, 40, 131.075000, O-PRZI, 6694, 60, 111.566667, O-ZIC, 694, 60, 11.566667, SHVR, 8400, 40, 210.000000, 105, 137, 
sess0001, 000211, 103, 136, GVWY, 5297, 40, 132.425000, O-PRZI, 6729, 60, 112.150000, O-ZIC, 694, 60, 11.566667, SHVR, 8400, 40, 210.000000, 103, 136, 
sess0001, 000211, 98, 121, GVWY, 5347, 40, 133.675000, O-PRZI, 6729, 60, 112.150000, O-ZIC, 694, 60, 11.566667, SHVR, 8500, 40, 212.500000, 98, 121, 
sess0001, 000211, 98, 102, GVWY, 5347, 40, 133.675000, O-PRZI, 6803, 60, 113.383333, O-ZIC, 694, 60, 11.566667, SHVR, 8551, 40, 213.775000, 98, 102, 
sess0001, 000211, 97, 101, GVWY, 5347, 40, 133.675000, O-PRZI, 6862, 60, 114.366667, O-ZIC, 694, 60, 11.566667, SHVR, 8597, 40, 214.925000, 97, 101, 
sess0001, 000212, 97, 99, GVWY, 5347, 40, 133.675000, O-PRZI, 6862, 60, 114.366667, O-ZIC, 694, 60, 11.566667, SHVR, 8688, 40, 217.200000, 97, 99, 
sess0001, 000212, 95, 98, GVWY, 5347, 40, 133.675000, O-PRZI, 6924, 60, 115.400000, O-ZIC, 694, 60, 11.566667, SHVR, 8688, 40, 217.200000, 95, 98, 
sess0001, 000212, 95, 99, GVWY, 5347, 40, 133.675000, O-PRZI, 6962, 60, 116.033333, O-ZIC, 694, 60, 11.566667, SHVR, 8752, 40, 218.800000, 95, 99, 
sess0001, 000212, 89, 98, GVWY, 5347, 40, 133.675000, O-PRZI, 6982, 60, 116.366667, O-ZIC, 694, 60, 11.566667, SHVR, 8752, 40, 218.800000, 89, 98, 
sess0001, 000213, 88, 97, GVWY, 5347, 40, 133.675000, O-PRZI, 7044, 60, 117.400000, O-ZIC, 694, 60, 11.566667, SHVR, 8752, 40, 218.800000, 88, 97, 
sess0001, 000213, 88, 96, GVWY, 5347, 40, 133.675000, O-PRZI, 7044, 60, 117.400000, O-ZIC, 761, 60, 12.683333, SHVR, 8834, 40, 220.850000, 88, 96, 
sess0001, 000213, 86, 98, GVWY, 5347, 40, 133.675000, O-PRZI, 7096, 60, 118.266667, O-ZIC, 761, 60, 12.683333, SHVR, 8846, 40, 221.150000, 86, 98, 
sess0001, 000213, 86, 98, GVWY, 5347, 40, 133.675000, O-PRZI, 7158, 60, 119.300000, O-ZIC, 761, 60, 12.683333, SHVR, 8852, 40, 221.300000, 86, 98, 
sess0001, 000214, 86, 105, GVWY, 5347, 40, 133.675000, O-PRZI, 7195, 60, 119.916667, O-ZIC, 761, 60, 12.683333, SHVR, 8926, 40, 223.150000, 86, 105, 
sess0001, 000214, 84, 105, GVWY, 5347, 40, 133.675000, O-PRZI, 7266, 60, 121.100000, O-ZIC, 761, 60, 12.683333, SHVR, 8926, 40, 223.150000, 84, 105, 
sess0001, 000214, 84, 124, GVWY, 5347, 40, 133.675000, O-PRZI, 7317, 60, 121.950000, O-ZIC, 761, 60, 12.683333, SHVR, 8926, 40, 223.150000, 84, 124, 
sess0001, 000215, 84, 124, GVWY, 5347, 40, 133.675000, O-PRZI, 7467, 60, 124.450000, O-ZIC, 761, 60, 12.683333, SHVR, 8926, 40, 223.150000, 84, 124, 
sess0001, 000218, 84, 124, GVWY, 5347, 40, 133.675000, O-PRZI, 7525, 60, 125.416667, O-ZIC, 761, 60, 12.683333, SHVR, 8926, 40, 223.150000, 84, 124, 
sess0001, 000222, 83, 124, GVWY, 5347, 40, 133.675000, O-PRZI, 7543, 60, 125.716667, O-ZIC, 761, 60, 12.683333, SHVR, 8926, 40, 223.150000, 83, 124, 
sess0001, 000225, 95, 124, GVWY, 5347, 40, 133.675000, O-PRZI, 7543, 60, 125.716667, O-ZIC, 761, 60, 12.683333, SHVR, 8926, 40, 223.150000, 95, 124, 
