000030.065, 141
000030.080, 108
000030.140, 90
000030.160, 121
000030.165, 83
000030.170, 82
000030.185, 125
000030.190, 80
000030.210, 74
000030.235, 72
000030.245, 128
000030.265, 133
000030.310, 156
000030.345, 149
000030.355, 87
000030.390, 164
000030.415, 155
000030.440, 130
000030.485, 116
000030.500, 103
000030.535, 96
000030.615, 112
000030.620, 92
000030.735, 80
000030.740, 80
000030.785, 79
000030.855, 78
000031.065, 84
000031.175, 85
000031.200, 82
000031.285, 82
000031.330, 81
000031.340, 92
000031.375, 92
000031.385, 75
000031.550, 76
000031.770, 75
000031.800, 82
000031.975, 78
000032.040, 82
000032.295, 81
000032.430, 79
000032.890, 90
000033.205, 86
000033.635, 87
000034.800, 92
000035.835, 96
000039.930, 107
000046.095, 94
000054.080, 105
000060.050, 107
000060.130, 144
000060.215, 76
000060.255, 154
000060.285, 150
000060.295, 138
000060.365, 149
000060.400, 104
000060.485, 90
000060.565, 99
000060.585, 101
000060.640, 83
000060.660, 82
000060.725, 78
000060.750, 92
000060.850, 77
000060.995, 93
000061.120, 77
000061.170, 104
000061.240, 126
000061.600, 107
000061.960, 99
000061.985, 97
000062.210, 104
000062.665, 113
000063.140, 98
000064.115, 109
000064.140, 106
000064.280, 100
000064.510, 99
000064.920, 97
000065.275, 94
000066.090, 93
000066.400, 92
000066.535, 91
000067.085, 91
000067.315, 135
000073.975, 108
000080.915, 107
000088.245, 116
000090.135, 98
000090.230, 93
000090.260, 100
000090.420, 111
000090.535, 131
000090.545, 129
000090.600, 136
000090.605, 126
000090.700, 137
000090.775, 139
000090.840, 118
000090.915, 124
000091.025, 147
000091.060, 117
000091.080, 131
000091.150, 117
000091.175, 151
000091.265, 115
000091.335, 130
000091.420, 152
000091.580, 106
000091.615, 106
000091.690, 106
000091.710, 104
000092.070, 103
000092.405, 102
000092.435, 100
000092.570, 100
000092.690, 110
000092.710, 99
000092.995, 112
000093.730, 109
000095.440, 99
000095.465, 97
000096.180, 96
000096.470, 95
000098.265, 107
000100.950, 102
000104.245, 91
000106.180, 87
000109.165, 80
000120.040, 144
000120.070, 109
000120.075, 71
000120.130, 146
000120.140, 73
000120.175, 142
000120.235, 154
000120.290, 128
000120.510, 116
000120.520, 111
000120.565, 123
000120.615, 108
000120.645, 112
000120.720, 107
000120.855, 113
000121.225, 131
000121.340, 105
000121.410, 126
000121.780, 103
000121.850, 103
000122.035, 103
000122.065, 140
000122.265, 143
000122.310, 132
000122.335, 145
000122.440, 120
000122.530, 113
000122.625, 111
000122.675, 106
000122.725, 104
000123.445, 102
000123.860, 104
000126.705, 106
000127.445, 114
000128.555, 102
000129.640, 127
000131.795, 96
000131.970, 96
000135.895, 91
000137.835, 95
000140.400, 92
000144.090, 89
000147.140, 94
000150.065, 182
000150.125, 142
000150.150, 131
000150.205, 134
000150.280, 120
000150.335, 156
000150.355, 105
000150.365, 105
000150.415, 154
000150.540, 142
000150.645, 126
000150.660, 124
000150.705, 145
000150.770, 115
000150.800, 125
000150.850, 114
000150.925, 118
000150.990, 113
000151.035, 112
000151.090, 110
000151.130, 108
000151.505, 103
000151.540, 109
000151.820, 113
000152.000, 112
000152.255, 117
000152.260, 109
000152.600, 107
000152.975, 102
000153.125, 101
000153.775, 119
000154.825, 114
000155.890, 103
000157.560, 102
000157.785, 99
000158.055, 98
000161.035, 108
000163.945, 93
000164.040, 91
000165.830, 86
000180.165, 97
000180.175, 117
000180.210, 74
000180.305, 71
000180.435, 89
000180.500, 115
000180.510, 89
000180.625, 125
000180.705, 107
000180.710, 106
000180.795, 108
000180.800, 112
000180.830, 102
000180.895, 98
000180.920, 98
000180.930, 96
000180.960, 116
000181.170, 104
000181.295, 132
000181.310, 126
000181.345, 103
000181.505, 104
000181.555, 134
000181.740, 115
000181.795, 107
000181.920, 107
000182.010, 124
000182.075, 102
000182.550, 103
000182.790, 102
000183.370, 121
000186.440, 108
000187.810, 98
000189.965, 92
000194.100, 110
000195.095, 100
000196.325, 106
000207.100, 95
000210.080, 55
000210.375, 80
000210.415, 71
000210.520, 95
000210.640, 82
000210.670, 76
000210.745, 107
000210.765, 104
000210.810, 89
000211.000, 100
000211.045, 91
000211.245, 97
000211.310, 107
000211.320, 109
000211.455, 92
000211.570, 112
000211.640, 90
000211.705, 88
000211.730, 96
000211.870, 87
000211.990, 111
000212.145, 117
000212.440, 119
000212.860, 103
000213.010, 125
000213.265, 133
000213.730, 122
000213.885, 118
000213.950, 112
000215.270, 111
000217.250, 114
000217.640, 124
000217.735, 116
000218.315, 112
000221.945, 113
000222.390, 105
000223.235, 102
000223.475, 102
000224.130, 102
000030.055, 89
000030.065, 90
000030.120, 66
000030.165, 93
000030.180, 66
000030.260, 68
000030.275, 62
000030.390, 79
000030.415, 79
000030.435, 77
000030.450, 79
000030.460, 95
000030.465, 76
000030.525, 78
000030.545, 74
000030.600, 96
000030.645, 87
000030.715, 91
000030.730, 99
000030.780, 82
000030.885, 86
000030.990, 105
000031.150, 89
000031.200, 84
000031.845, 88
000031.990, 90
000032.150, 92
000032.485, 96
000032.655, 99
000032.735, 95
000032.800, 91
000032.985, 88
000033.035, 87
000033.500, 97
000034.125, 86
000034.320, 92
000035.965, 103
000040.600, 121
000040.760, 114
000048.470, 109
000049.890, 99
000059.855, 110
000060.215, 63
000060.225, 63
000060.235, 100
000060.240, 100
000060.425, 96
000060.480, 94
000060.545, 104
000060.565, 93
000060.600, 91
000060.725, 87
000060.865, 85
000060.900, 93
000061.090, 91
000061.130, 89
000061.180, 87
000061.210, 90
000061.295, 110
000061.310, 85
000061.610, 88
000061.785, 88
000062.000, 89
000062.485, 94
000063.070, 85
000063.250, 103
000063.625, 86
000063.780, 120
000065.090, 112
000065.600, 112
000066.305, 108
000066.995, 118
000069.865, 105
000070.010, 119
000074.805, 131
000075.530, 120
000080.830, 108
000081.715, 105
000090.075, 56
000090.130, 122
000090.140, 134
000090.220, 85
000090.310, 97
000090.320, 101
000090.425, 103
000090.500, 97
000090.575, 105
000090.700, 109
000090.710, 107
000090.820, 102
000091.120, 98
000091.225, 93
000091.560, 100
000091.600, 108
000091.710, 117
000091.845, 106
000091.865, 125
000092.030, 103
000092.375, 110
000092.450, 104
000092.735, 113
000093.065, 103
000093.650, 105
000094.270, 106
000094.995, 109
000095.535, 103
000096.665, 107
000097.250, 109
000099.530, 102
000102.910, 94
000104.295, 107
000108.450, 98
000113.405, 92
000120.075, 140
000120.155, 153
000120.185, 157
000120.445, 132
000120.455, 130
000120.565, 139
000120.595, 126
000120.620, 123
000120.700, 146
000120.725, 120
000120.745, 119
000120.825, 122
000120.965, 119
000121.025, 118
000121.075, 117
000121.185, 113
000121.190, 113
000121.450, 113
000121.505, 108
000121.810, 103
000121.835, 137
000121.850, 138
000121.870, 103
000121.875, 139
000122.205, 103
000122.690, 105
000122.730, 102
000122.985, 101
000123.130, 100
000125.260, 97
000125.565, 112
000125.935, 132
000127.090, 116
000133.700, 109
000136.735, 104
000137.435, 128
000150.110, 116
000150.600, 92
000150.605, 96
000150.650, 117
000150.770, 96
000150.825, 119
000150.845, 122
000150.935, 91
000150.955, 89
000151.135, 113
000151.140, 112
000151.160, 111
000151.230, 131
000151.285, 106
000151.500, 114
000151.555, 133
000151.715, 115
000152.070, 119
000152.345, 117
000152.485, 110
000152.540, 110
000152.625, 108
000152.725, 109
000152.750, 108
000152.765, 107
000153.375, 116
000153.460, 107
000155.390, 103
000156.555, 103
000157.730, 123
000161.130, 107
000161.300, 102
000161.430, 101
000175.265, 111
000180.125, 159
000180.155, 154
000180.240, 152
000180.245, 143
000180.290, 129
000180.385, 126
000180.390, 118
000180.415, 166
000180.440, 117
000180.490, 115
000180.590, 114
000180.630, 112
000180.710, 121
000180.725, 141
000180.760, 110
000180.775, 109
000180.800, 106
000180.935, 107
000181.100, 101
000181.230, 121
000181.260, 124
000181.645, 115
000182.005, 117
000182.010, 112
000182.080, 110
000182.380, 108
000182.630, 106
000183.275, 103
000185.410, 116
000186.035, 114
000187.860, 106
000189.875, 105
000193.145, 107
000195.760, 102
000196.290, 99
000210.080, 63
000210.115, 75
000210.120, 110
000210.175, 93
000210.240, 68
000210.305, 68
000210.325, 77
000210.365, 80
000210.440, 82
000210.510, 102
000210.590, 111
000210.790, 91
000210.835, 83
000211.110, 111
000211.150, 116
000211.225, 110
000211.585, 103
000211.655, 102
000211.675, 100
000211.905, 99
000211.930, 109
000212.295, 110
000212.465, 102
000212.545, 102
000212.870, 102
000213.140, 101
000213.445, 99
000215.070, 98
000216.780, 110
000217.020, 103
000218.035, 114
000030.030, 69
000030.080, 40
000030.095, 41
000030.115, 112
000030.130, 122
000030.215, 82
000030.230, 97
000030.270, 88
000030.300, 93
000030.320, 88
000030.400, 91
000030.470, 85
000030.530, 95
000030.545, 87
000030.605, 90
000030.705, 86
000030.755, 83
000031.040, 94
000031.075, 96
000031.130, 100
000031.200, 84
000031.495, 86
000031.575, 92
000031.640, 93
000031.670, 93
000031.785, 101
000031.950, 85
000032.065, 84
000032.175, 92
000032.230, 84
000032.350, 93
000033.015, 85
000033.450, 87
000033.550, 93
000033.580, 99
000034.705, 108
000034.950, 106
000035.705, 102
000037.250, 104
000038.600, 99
000038.960, 102
000042.410, 114
000049.240, 89
000052.750, 89
000060.045, 160
000060.055, 144
000060.060, 106
000060.245, 129
000060.255, 118
000060.310, 135
000060.360, 115
000060.400, 110
000060.440, 132
000060.485, 107
000060.605, 113
000060.635, 107
000060.745, 122
000060.945, 117
000061.000, 110
000061.015, 139
000061.055, 142
000061.160, 122
000061.360, 109
000061.675, 113
000061.855, 117
000061.890, 114
000062.080, 105
000062.305, 105
000062.315, 102
000062.350, 102
000062.850, 101
000063.185, 101
000063.925, 105
000065.950, 97
000066.775, 96
000069.145, 105
000069.355, 103
000074.410, 99
000077.285, 99
000090.130, 58
000090.160, 69
000090.280, 70
000090.285, 74
000090.375, 103
000090.380, 93
000090.420, 91
000090.455, 89
000090.500, 111
000090.575, 111
000090.895, 92
000090.925, 91
000090.935, 109
000091.035, 97
000091.050, 89
000091.100, 111
000091.310, 91
000091.630, 117
000092.090, 98
000092.190, 124
000092.530, 99
000093.305, 116
000093.475, 105
000093.755, 105
000094.330, 108
000094.810, 105
000094.910, 104
000095.350, 103
000096.055, 101
000097.105, 108
000098.605, 100
000101.955, 98
000103.355, 92
000111.050, 108
000120.075, 68
000120.085, 70
000120.140, 63
000120.155, 140
000120.160, 145
000120.265, 80
000120.410, 79
000120.480, 99
000120.495, 106
000120.665, 87
000120.700, 106
000121.005, 100
000121.110, 92
000121.150, 103
000121.160, 91
000121.470, 99
000121.490, 109
000121.605, 112
000121.630, 112
000121.640, 119
000121.655, 105
000122.160, 114
000122.275, 118
000122.680, 106
000123.180, 112
000123.455, 102
000124.450, 109
000125.120, 109
000125.680, 99
000127.005, 112
000127.330, 104
000130.300, 111
000131.175, 106
000135.425, 105
000143.895, 107
000150.255, 106
000150.365, 119
000150.450, 115
000150.470, 109
000150.485, 108
000150.490, 127
000150.605, 105
000150.695, 105
000150.950, 113
000150.990, 114
000151.200, 114
000151.215, 107
000151.255, 106
000151.370, 104
000151.525, 103
000151.550, 103
000151.895, 125
000152.120, 107
000152.205, 115
000152.915, 100
000153.140, 106
000153.450, 104
000154.240, 109
000154.570, 112
000154.945, 116
000156.340, 111
000159.325, 112
000159.445, 110
000159.615, 108
000163.825, 118
000164.005, 115
000165.135, 116
000171.165, 108
000173.000, 93
000177.170, 105
000179.025, 125
000180.160, 46
000180.250, 64
000180.335, 85
000180.590, 80
000180.600, 94
000180.790, 78
000180.910, 92
000180.985, 105
000181.250, 94
000181.315, 111
000181.370, 122
000181.535, 123
000181.540, 99
000181.570, 98
000182.015, 97
000182.385, 94
000182.535, 94
000182.585, 116
000182.700, 92
000183.145, 94
000183.200, 93
000183.440, 104
000183.830, 103
000185.165, 110
000185.255, 105
000185.845, 108
000186.665, 108
000187.930, 111
000188.535, 109
000188.785, 105
000189.520, 104
000189.620, 103
000189.730, 103
000191.990, 98
000194.610, 121
000207.720, 101
000210.205, 98
000210.335, 80
000210.445, 97
000210.450, 113
000210.470, 97
000210.545, 103
000210.775, 114
000210.825, 117
000210.850, 117
000210.940, 119
000210.990, 120
000211.010, 122
000211.315, 110
000211.750, 104
000211.875, 123
000211.910, 104
000212.075, 110
000212.270, 105
000212.520, 102
000212.650, 102
000212.795, 116
000212.895, 118
000213.190, 127
000213.275, 113
000213.920, 110
000214.070, 103
000214.475, 100
000215.210, 105
000216.505, 114
000217.765, 104
000217.950, 103
000218.240, 104
000218.555, 112
000220.565, 106
000220.935, 105
000030.030, 42
000030.095, 77
000030.110, 81
000030.150, 79
000030.185, 83
000030.195, 78
000030.215, 84
000030.220, 79
000030.245, 88
000030.295, 73
000030.380, 75
000030.545, 83
000030.560, 91
000030.610, 88
000030.675, 83
000030.715, 88
000030.735, 82
000030.750, 79
000030.875, 86
000030.945, 79
000030.975, 79
000031.075, 82
000031.150, 80
000031.220, 80
000031.235, 92
000031.260, 79
000031.375, 79
000031.390, 78
000031.585, 79
000031.605, 88
000031.675, 94
000031.755, 79
000031.840, 83
000031.875, 79
000031.880, 76
000032.010, 76
000032.390, 77
000032.755, 85
000033.260, 84
000034.440, 95
000034.985, 95
000035.415, 125
000048.360, 103
000060.115, 178
000060.130, 150
000060.170, 144
000060.265, 138
000060.435, 146
000060.450, 145
000060.480, 135
000060.505, 133
000060.550, 130
000060.590, 130
000060.625, 128
000060.870, 125
000061.105, 126
000061.170, 124
000061.210, 126
000061.535, 128
000061.620, 117
000061.650, 115
000061.920, 114
000062.085, 113
000062.150, 112
000062.165, 112
000062.170, 112
000062.310, 107
000062.545, 111
000062.885, 107
000063.095, 114
000063.945, 106
000065.035, 105
000065.570, 105
000078.915, 105
000079.970, 98
000083.705, 92
000090.180, 129
000090.265, 87
000090.380, 93
000090.455, 104
000090.480, 107
000090.550, 133
000090.560, 101
000090.605, 136
000090.660, 102
000090.690, 98
000090.695, 98
000090.725, 98
000090.740, 138
000090.745, 97
000090.750, 94
000090.905, 94
000091.190, 130
000091.215, 92
000091.570, 123
000092.190, 92
000092.790, 104
000093.575, 100
000093.630, 99
000094.920, 100
000095.750, 129
000098.350, 106
000100.505, 114
000102.930, 101
000103.035, 108
000104.570, 103
000110.845, 103
000112.780, 102
000120.060, 168
000120.155, 67
000120.170, 84
000120.205, 121
000120.355, 75
000120.365, 117
000120.455, 73
000120.555, 86
000120.625, 78
000120.890, 86
000120.950, 94
000121.055, 95
000121.110, 92
000121.175, 96
000121.235, 97
000121.690, 112
000122.260, 115
000122.580, 111
000122.610, 110
000122.675, 113
000123.080, 106
000123.235, 119
000123.710, 122
000124.320, 108
000124.745, 117
000125.640, 116
000126.875, 111
000127.375, 109
000128.780, 108
000130.185, 108
000130.600, 105
000136.015, 109
000136.905, 111
000139.775, 123
000150.065, 46
000150.285, 69
000150.300, 103
000150.325, 67
000150.395, 87
000150.580, 83
000150.720, 116
000150.740, 121
000150.755, 128
000150.810, 111
000150.850, 120
000150.875, 112
000150.925, 109
000151.010, 107
000151.145, 106
000151.260, 104
000151.280, 101
000151.490, 100
000151.590, 99
000151.735, 113
000151.890, 127
000152.015, 109
000152.460, 129
000153.470, 108
000153.635, 113
000154.105, 109
000155.320, 105
000156.060, 103
000157.085, 123
000158.640, 115
000160.520, 114
000162.485, 116
000166.655, 97
000172.915, 109
000177.110, 106
000180.105, 73
000180.120, 55
000180.290, 111
000180.340, 110
000180.390, 100
000180.405, 100
000180.410, 117
000180.415, 133
000180.520, 135
000180.555, 125
000180.695, 115
000180.705, 138
000180.870, 145
000180.910, 117
000180.925, 114
000181.315, 112
000181.480, 130
000181.575, 116
000181.795, 107
000182.025, 108
000182.305, 106
000183.110, 104
000183.320, 118
000184.155, 109
000184.205, 121
000184.240, 105
000184.345, 105
000193.120, 99
000197.440, 108
000200.890, 112
000206.745, 107
000207.230, 102
000210.190, 58
000210.340, 71
000210.515, 87
000210.525, 88
000210.630, 98
000210.740, 80
000210.845, 87
000210.930, 102
000211.075, 86
000211.135, 111
000211.160, 113
000211.185, 86
000211.345, 95
000211.445, 95
000211.590, 91
000212.230, 112
000212.460, 109
000212.495, 104
000212.590, 104
000213.210, 121
000213.280, 123
000213.350, 119
000213.355, 117
000213.590, 111
000213.730, 108
000215.375, 113
000216.795, 116
000218.015, 115
000218.605, 116
000219.125, 108
000221.600, 111
000222.020, 104
000224.305, 112
000030.035, 111
000030.070, 104
000030.110, 106
000030.155, 58
000030.180, 58
000030.215, 59
000030.260, 51
000030.270, 50
000030.275, 51
000030.280, 64
000030.285, 84
000030.300, 50
000030.315, 72
000030.425, 75
000030.430, 64
000030.440, 76
000030.465, 59
000030.685, 72
000030.775, 81
000030.835, 81
000030.875, 85
000030.955, 86
000030.990, 77
000031.240, 90
000031.540, 77
000031.550, 77
000031.605, 79
000031.640, 76
000031.830, 89
000031.930, 86
000032.090, 88
000032.100, 91
000032.240, 95
000032.305, 86
000032.360, 97
000032.800, 92
000032.840, 107
000033.080, 94
000033.250, 87
000034.050, 90
000036.475, 100
000040.510, 103
000043.860, 104
000060.095, 80
000060.160, 87
000060.170, 117
000060.275, 69
000060.325, 87
000060.605, 84
000060.750, 85
000060.810, 108
000060.845, 107
000061.115, 119
000061.185, 117
000061.325, 117
000061.340, 115
000061.445, 108
000061.615, 107
000061.645, 119
000061.765, 107
000062.150, 123
000062.270, 106
000062.350, 105
000062.395, 104
000062.625, 125
000062.815, 125
000063.455, 106
000063.625, 98
000063.910, 100
000064.100, 105
000064.430, 98
000064.590, 108
000065.245, 118
000066.150, 114
000068.820, 106
000069.085, 99
000076.245, 107
000076.380, 103
000078.005, 99
000089.500, 104
000090.030, 63
000090.080, 106
000090.095, 122
000090.210, 108
000090.255, 109
000090.275, 79
000090.315, 81
000090.335, 133
000090.390, 134
000090.455, 80
000090.465, 134
000090.555, 76
000090.560, 75
000090.870, 88
000090.960, 86
000091.135, 89
000091.150, 91
000091.155, 83
000091.175, 111
000091.385, 115
000091.505, 118
000091.535, 108
000091.835, 120
000091.860, 98
000091.970, 97
000092.240, 97
000092.245, 97
000092.360, 95
000093.570, 98
000096.815, 105
000097.100, 104
000098.070, 106
000100.165, 130
000101.070, 118
000102.510, 114
000106.240, 108
000110.075, 105
000112.485, 95
000120.060, 69
000120.130, 80
000120.160, 74
000120.175, 91
000120.325, 106
000120.365, 100
000120.370, 74
000120.465, 79
000120.495, 116
000120.585, 80
000120.665, 122
000120.845, 103
000120.995, 95
000121.010, 114
000121.075, 88
000121.110, 87
000121.135, 84
000121.145, 127
000121.170, 82
000121.550, 110
000121.600, 92
000121.835, 90
000121.970, 90
000122.235, 108
000122.805, 111
000123.280, 119
000123.375, 109
000124.040, 100
000124.095, 106
000125.155, 117
000125.235, 109
000126.095, 102
000126.250, 98
000127.330, 111
000128.840, 100
000131.570, 104
000136.130, 103
000150.110, 134
000150.160, 105
000150.175, 110
000150.300, 114
000150.315, 103
000150.445, 132
000150.505, 131
000150.540, 113
000150.580, 112
000150.605, 103
000150.650, 118
000150.685, 149
000150.805, 103
000150.865, 110
000151.125, 133
000151.170, 134
000151.335, 118
000151.505, 135
000151.600, 116
000152.085, 113
000152.110, 111
000152.215, 110
000152.815, 106
000152.995, 106
000153.050, 105
000153.725, 104
000154.145, 103
000154.250, 110
000154.605, 121
000154.680, 101
000154.850, 107
000154.855, 119
000154.975, 130
000157.215, 97
000157.595, 103
000158.510, 99
000161.035, 93
000164.310, 90
000171.020, 94
000177.925, 94
000180.155, 86
000180.190, 82
000180.305, 78
000180.495, 93
000180.605, 95
000180.700, 102
000180.720, 90
000180.725, 117
000180.880, 90
000180.925, 88
000180.940, 87
000180.975, 86
000181.060, 121
000181.150, 118
000181.155, 123
000181.550, 129
000181.670, 105
000181.770, 131
000181.820, 106
000182.205, 103
000182.295, 100
000182.335, 100
000182.740, 111
000182.760, 128
000183.435, 106
000183.515, 132
000184.490, 103
000184.875, 107
000185.430, 99
000186.575, 104
000186.980, 103
000187.895, 101
000189.115, 107
000190.095, 102
000194.045, 102
000195.495, 101
000196.685, 100
000196.885, 97
000199.225, 96
000210.085, 111
000210.130, 111
000210.185, 100
000210.190, 92
000210.280, 143
000210.325, 150
000210.355, 133
000210.370, 131
000210.465, 152
000210.560, 141
000210.565, 156
000210.685, 122
000210.795, 122
000210.835, 121
000210.860, 127
000210.920, 121
000210.995, 117
000211.020, 116
000211.025, 115
000211.260, 113
000211.305, 112
000211.725, 113
000211.760, 112
000211.770, 110
000211.835, 109
000211.845, 116
000211.870, 107
000212.185, 118
000212.435, 133
000212.570, 135
000212.885, 103
000214.100, 103
000214.660, 103
000215.505, 104
000215.660, 103
000217.510, 98
000222.430, 113
000030.010, 47
000030.050, 160
000030.090, 141
000030.100, 106
000030.110, 89
000030.215, 63
000030.235, 144
000030.240, 145
000030.280, 147
000030.335, 66
000030.365, 94
000030.395, 62
000030.445, 68
000030.535, 70
000030.545, 88
000030.560, 65
000030.580, 61
000030.585, 66
000030.605, 61
000030.695, 66
000030.705, 70
000030.850, 69
000031.145, 75
000031.330, 76
000031.380, 69
000031.460, 68
000031.685, 77
000031.785, 69
000031.910, 73
000032.080, 80
000032.355, 91
000032.515, 83
000032.580, 81
000032.945, 81
000033.020, 102
000033.470, 108
000033.715, 84
000035.040, 91
000038.105, 99
000039.275, 107
000043.380, 99
000043.695, 95
000046.270, 98
000046.720, 97
000055.685, 112
000060.050, 133
000060.160, 142
000060.240, 152
000060.285, 140
000060.310, 129
000060.385, 156
000060.430, 130
000060.460, 127
000060.500, 127
000060.540, 125
000060.605, 128
000060.650, 122
000060.805, 115
000060.875, 115
000060.905, 114
000060.920, 113
000060.930, 152
000060.950, 112
000061.060, 159
000061.300, 111
000061.305, 111
000061.420, 105
000061.440, 105
000061.455, 104
000061.605, 120
000061.650, 114
000061.715, 115
000061.900, 130
000062.005, 118
000062.685, 116
000062.840, 135
000063.110, 138
000063.885, 113
000064.175, 111
000064.255, 108
000070.555, 103
000070.805, 102
000089.600, 98
000090.060, 153
000090.105, 70
000090.130, 67
000090.150, 147
000090.235, 139
000090.330, 134
000090.345, 132
000090.360, 125
000090.385, 140
000090.430, 108
000090.435, 107
000090.455, 104
000090.465, 104
000090.595, 110
000090.610, 136
000090.710, 147
000090.770, 115
000090.840, 111
000090.845, 110
000090.935, 109
000091.040, 108
000091.070, 103
000091.220, 131
000091.445, 140
000091.470, 100
000091.560, 99
000091.665, 98
000091.685, 134
000092.025, 141
000092.605, 127
000093.070, 108
000093.110, 131
000093.505, 106
000093.970, 104
000095.185, 118
000095.200, 121
000097.190, 100
000099.410, 103
000119.250, 105
000120.115, 78
000120.155, 71
000120.160, 54
000120.180, 119
000120.220, 60
000120.295, 66
000120.375, 70
000120.385, 65
000120.415, 79
000120.495, 107
000120.595, 85
000120.620, 98
000120.770, 78
000120.850, 80
000120.890, 116
000120.975, 88
000121.075, 118
000121.240, 84
000121.345, 121
000121.575, 108
000121.820, 105
000121.865, 122
000121.960, 116
000122.080, 96
000122.160, 96
000122.780, 92
000122.835, 91
000123.490, 91
000123.560, 90
000124.395, 103
000124.775, 128
000125.270, 102
000126.150, 97
000128.950, 110
000130.180, 109
000148.680, 99
000150.070, 169
000150.090, 130
000150.165, 161
000150.250, 122
000150.295, 139
000150.325, 126
000150.340, 146
000150.350, 118
000150.355, 116
000150.390, 111
000150.455, 110
000150.520, 104
000150.780, 104
000150.965, 102
000151.010, 114
000151.115, 101
000151.265, 100
000151.300, 100
000151.330, 99
000151.470, 103
000151.490, 106
000151.620, 97
000151.685, 96
000151.745, 99
000152.070, 98
000152.195, 108
000152.355, 95
000152.515, 106
000152.525, 113
000153.250, 128
000153.590, 110
000154.140, 106
000154.630, 130
000156.410, 125
000157.590, 106
000157.875, 105
000163.910, 95
000167.005, 104
000171.575, 88
000180.090, 56
000180.135, 75
000180.170, 72
000180.220, 75
000180.225, 104
000180.365, 107
000180.390, 123
000180.420, 123
000180.455, 106
000180.585, 104
000180.660, 105
000180.715, 106
000180.745, 118
000180.805, 99
000180.820, 97
000180.955, 120
000181.230, 95
000181.280, 103
000181.335, 95
000181.395, 113
000181.440, 94
000181.540, 93
000181.730, 124
000181.750, 92
000181.845, 120
000182.225, 109
000182.360, 113
000182.430, 98
000183.340, 106
000183.880, 113
000184.265, 118
000184.590, 124
000185.005, 112
000185.350, 139
000185.605, 109
000186.560, 110
000187.705, 109
000188.545, 100
000202.730, 98
000210.095, 59
000210.115, 60
000210.180, 70
000210.200, 85
000210.245, 73
000210.320, 89
000210.350, 78
000210.355, 110
000210.405, 77
000210.510, 113
000210.590, 114
000210.685, 112
000210.760, 111
000210.905, 113
000211.030, 123
000211.060, 124
000211.145, 112
000211.325, 107
000211.360, 103
000211.400, 113
000211.495, 110
000211.540, 116
000212.015, 102
000212.105, 102
000212.275, 128
000212.560, 109
000213.230, 103
000213.300, 112
000214.370, 106
000214.470, 112
000215.520, 104
000217.360, 107
000218.310, 109
000218.340, 106
000218.495, 106
000220.455, 98
000030.020, 49
000030.070, 68
000030.100, 123
000030.180, 55
000030.200, 66
000030.225, 54
000030.280, 78
000030.335, 71
000030.355, 79
000030.415, 79
000030.430, 80
000030.480, 76
000030.495, 76
000030.515, 86
000030.530, 85
000030.545, 90
000030.570, 76
000030.665, 81
000030.725, 85
000030.755, 75
000030.810, 73
000031.095, 76
000031.150, 79
000031.215, 77
000031.235, 82
000031.325, 73
000031.595, 85
000031.645, 78
000031.735, 76
000031.820, 81
000032.145, 88
000032.185, 95
000032.920, 104
000033.235, 105
000033.350, 120
000033.955, 90
000034.010, 89
000035.560, 91
000036.965, 122
000038.865, 114
000049.095, 116
000059.365, 100
000060.065, 32
000060.085, 53
000060.135, 109
000060.165, 62
000060.220, 100
000060.235, 121
000060.275, 101
000060.445, 100
000060.455, 91
000060.470, 104
000060.550, 91
000060.620, 87
000060.635, 109
000060.670, 101
000060.810, 111
000061.060, 86
000061.315, 95
000061.400, 122
000061.495, 128
000061.530, 135
000061.710, 138
000061.890, 106
000062.085, 101
000062.295, 109
000062.860, 110
000063.270, 109
000064.125, 104
000064.785, 107
000065.995, 104
000066.675, 106
000067.465, 107
000069.310, 99
000069.445, 93
000071.955, 109
000072.770, 108
000076.445, 109
000078.085, 122
000085.655, 93
000090.095, 134
000090.120, 120
000090.310, 147
000090.355, 118
000090.400, 116
000090.440, 173
000090.530, 112
000090.535, 112
000090.650, 162
000090.880, 153
000090.995, 157
000091.130, 130
000091.165, 127
000091.190, 125
000091.205, 124
000091.305, 120
000091.490, 136
000091.805, 136
000091.810, 146
000091.865, 115
000091.905, 111
000092.250, 148
000092.540, 117
000093.140, 129
000093.270, 112
000093.375, 149
000094.895, 126
000096.425, 115
000098.610, 118
000101.965, 110
000103.830, 118
000104.215, 109
000105.000, 109
000105.055, 115
000111.800, 99
000116.240, 95
000120.075, 72
000120.085, 74
000120.210, 124
000120.300, 85
000120.365, 109
000120.430, 83
000120.480, 117
000120.485, 128
000120.520, 127
000120.550, 136
000120.555, 125
000120.585, 114
000120.810, 139
000120.950, 100
000121.145, 94
000121.155, 93
000121.180, 113
000121.345, 91
000121.820, 95
000121.825, 136
000122.240, 106
000122.340, 140
000122.745, 108
000123.300, 102
000123.310, 98
000123.535, 97
000124.360, 108
000125.835, 134
000125.950, 102
000127.020, 119
000130.740, 108
000130.805, 108
000131.270, 106
000132.050, 105
000140.105, 99
000148.345, 113
000150.085, 111
000150.100, 77
000150.130, 44
000150.145, 40
000150.160, 119
000150.420, 114
000150.470, 135
000150.475, 90
000150.490, 87
000150.505, 142
000150.670, 131
000150.745, 91
000150.790, 90
000150.885, 106
000150.995, 89
000151.030, 87
000151.055, 84
000151.065, 126
000151.100, 101
000151.220, 83
000151.350, 82
000151.440, 116
000151.720, 135
000152.265, 106
000153.675, 119
000154.265, 111
000154.845, 118
000156.120, 118
000156.180, 102
000157.545, 99
000160.740, 105
000165.895, 101
000172.720, 115
000174.570, 108
000177.630, 98
000180.135, 153
000180.175, 105
000180.220, 107
000180.285, 97
000180.395, 102
000180.445, 97
000180.465, 94
000180.585, 135
000180.620, 143
000180.700, 92
000180.770, 87
000180.850, 102
000180.915, 103
000181.055, 145
000181.150, 90
000181.395, 87
000181.505, 121
000181.510, 112
000182.250, 100
000182.590, 102
000182.820, 98
000183.080, 94
000183.485, 99
000183.915, 97
000184.200, 117
000185.160, 147
000185.275, 111
000185.290, 108
000187.655, 102
000188.135, 100
000189.435, 110
000190.060, 131
000190.225, 106
000193.565, 118
000193.655, 112
000193.835, 106
000204.900, 132
000210.090, 181
000210.105, 147
000210.130, 166
000210.150, 110
000210.255, 109
000210.395, 78
000210.575, 104
000210.605, 127
000210.640, 142
000210.685, 97
000210.725, 96
000210.785, 94
000210.910, 137
000210.940, 92
000210.950, 92
000211.060, 142
000211.350, 93
000211.395, 92
000211.535, 121
000211.840, 100
000211.955, 100
000212.080, 95
000212.280, 97
000212.740, 110
000213.045, 132
000213.420, 111
000214.195, 120
000214.865, 100
000215.550, 117
000216.080, 136
000216.590, 114
000217.380, 107
000218.240, 103
000222.470, 101
000030.090, 74
000030.170, 88
000030.215, 78
000030.250, 76
000030.400, 83
000030.450, 81
000030.485, 73
000030.510, 83
000030.600, 84
000030.605, 96
000030.690, 74
000030.720, 72
000030.770, 104
000030.795, 104
000030.865, 95
000030.895, 87
000030.970, 95
000031.105, 90
000031.245, 99
000031.255, 86
000031.285, 96
000031.320, 85
000031.405, 84
000031.525, 88
000031.750, 83
000031.765, 98
000031.920, 85
000031.980, 83
000032.350, 89
000032.590, 90
000032.660, 87
000033.000, 86
000033.880, 91
000033.910, 92
000034.235, 85
000034.495, 102
000035.210, 89
000040.880, 101
000048.705, 87
000053.265, 100
000060.040, 71
000060.045, 131
000060.200, 81
000060.275, 110
000060.335, 78
000060.390, 73
000060.400, 75
000060.545, 95
000060.605, 88
000060.690, 108
000060.705, 111
000060.800, 97
000060.860, 97
000060.955, 112
000061.315, 96
000061.355, 95
000061.530, 95
000061.580, 98
000062.085, 96
000062.330, 92
000062.355, 90
000062.410, 98
000062.420, 100
000062.545, 100
000063.185, 102
000063.770, 95
000064.355, 107
000064.965, 104
000065.800, 96
000066.705, 116
000071.600, 113
000072.375, 114
000072.875, 122
000074.320, 107
000076.990, 110
000077.050, 107
000078.390, 100
000080.725, 89
000090.115, 52
000090.165, 58
000090.495, 84
000090.505, 88
000090.585, 86
000090.615, 103
000090.685, 81
000091.135, 106
000091.190, 108
000091.215, 108
000091.285, 102
000091.575, 99
000091.775, 99
000091.780, 113
000091.785, 115
000091.825, 115
000091.840, 98
000092.130, 96
000092.140, 123
000092.335, 96
000092.340, 124
000092.675, 93
000093.090, 105
000093.820, 122
000094.030, 114
000094.605, 126
000096.345, 122
000096.540, 121
000096.825, 113
000096.980, 109
000104.315, 110
000106.965, 115
000107.370, 109
000120.205, 161
000120.270, 121
000120.380, 140
000120.425, 125
000120.445, 149
000120.515, 120
000120.560, 115
000120.630, 112
000120.695, 108
000120.815, 115
000120.870, 108
000121.130, 110
000121.225, 109
000121.285, 108
000121.300, 107
000121.470, 110
000121.475, 111
000121.695, 116
000121.870, 131
000121.875, 107
000121.920, 116
000122.260, 116
000122.810, 109
000123.185, 114
000123.495, 109
000124.095, 121
000125.130, 108
000125.170, 101
000126.440, 105
000135.420, 104
000137.185, 113
000140.075, 96
000146.080, 108
000148.580, 111
000150.145, 161
000150.180, 134
000150.200, 168
000150.215, 127
000150.235, 115
000150.270, 108
000150.295, 104
000150.475, 158
000150.670, 115
000150.745, 144
000150.885, 103
000150.895, 101
000151.230, 100
000151.750, 117
000152.140, 105
000152.160, 127
000152.175, 133
000152.370, 137
000152.485, 99
000152.895, 100
000153.450, 100
000153.475, 98
000153.755, 101
000153.765, 97
000153.850, 96
000154.005, 111
000154.025, 113
000154.090, 99
000154.285, 94
000154.395, 100
000154.770, 98
000158.885, 100
000158.950, 97
000180.185, 92
000180.190, 131
000180.345, 110
000180.355, 97
000180.430, 120
000180.565, 110
000180.580, 120
000181.130, 97
000181.235, 101
000181.310, 104
000181.555, 115
000181.585, 116
000181.755, 100
000181.815, 98
000181.875, 101
000182.010, 97
000182.320, 111
000182.500, 112
000182.515, 110
000182.615, 106
000182.860, 106
000182.945, 104
000183.715, 109
000184.435, 107
000185.175, 100
000185.205, 100
000186.210, 99
000188.440, 105
000189.495, 101
000189.520, 97
000190.170, 95
000192.995, 100
000194.740, 99
000206.795, 99
000210.105, 112
000210.115, 80
000210.210, 172
000210.215, 109
000210.355, 147
000210.375, 141
000210.385, 107
000210.430, 104
000210.470, 98
000210.630, 95
000210.660, 107
000210.750, 95
000210.820, 95
000210.960, 112
000210.990, 94
000211.150, 108
000211.360, 99
000211.530, 123
000211.680, 102
000211.965, 94
000212.175, 98
000212.340, 104
000212.780, 118
000212.810, 120
000213.700, 101
000213.715, 98
000214.300, 103
000214.945, 110
000214.950, 101
000220.155, 110
000220.970, 111
000222.185, 111
000030.030, 133
000030.070, 75
000030.135, 101
000030.140, 103
000030.155, 81
000030.160, 78
000030.175, 73
000030.185, 117
000030.235, 73
000030.330, 73
000030.400, 82
000030.430, 89
000030.450, 80
000030.495, 92
000030.535, 77
000030.590, 74
000030.645, 74
000030.665, 72
000030.670, 78
000030.675, 72
000030.875, 81
000030.915, 86
000030.970, 79
000031.015, 77
000031.045, 76
000031.160, 88
000031.175, 94
000031.420, 81
000031.530, 80
000031.540, 92
000031.565, 82
000031.660, 93
000031.995, 87
000032.610, 98
000033.385, 95
000033.435, 94
000034.210, 94
000034.340, 89
000036.625, 111
000041.780, 105
000043.760, 114
000060.140, 142
000060.150, 102
000060.155, 99
000060.195, 150
000060.250, 57
000060.325, 138
000060.350, 96
000060.415, 95
000060.555, 97
000060.585, 112
000060.615, 90
000060.625, 87
000060.805, 109
000060.890, 94
000060.895, 94
000060.905, 91
000061.015, 87
000061.050, 113
000061.070, 86
000061.190, 85
000061.280, 83
000061.690, 86
000061.720, 118
000061.840, 82
000062.235, 87
000062.430, 88
000062.770, 98
000063.095, 93
000063.215, 108
000064.045, 103
000064.265, 113
000064.755, 117
000064.980, 101
000065.590, 112
000065.965, 112
000066.640, 114
000066.955, 104
000067.115, 131
000067.320, 102
000073.855, 112
000079.730, 108
000090.060, 92
000090.110, 51
000090.230, 93
000090.255, 79
000090.300, 97
000090.315, 116
000090.355, 128
000090.380, 78
000090.385, 77
000090.490, 133
000090.575, 75
000090.755, 77
000090.975, 100
000091.040, 102
000091.265, 112
000091.415, 110
000091.485, 106
000091.885, 111
000092.120, 114
000092.170, 103
000092.300, 116
000092.635, 110
000092.700, 103
000092.775, 113
000092.845, 103
000092.900, 101
000092.945, 100
000093.225, 100
000093.300, 98
000093.790, 121
000094.600, 104
000095.705, 101
000097.935, 98
000098.045, 118
000101.825, 125
000102.230, 113
000102.990, 114
000105.980, 104
000108.380, 100
000120.040, 61
000120.075, 79
000120.295, 50
000120.375, 68
000120.525, 79
000120.570, 87
000120.705, 73
000120.725, 73
000120.735, 72
000120.765, 72
000120.785, 85
000120.855, 71
000120.885, 71
000121.005, 78
000121.220, 76
000121.420, 75
000121.440, 75
000121.795, 78
000121.835, 88
000121.885, 103
000122.395, 104
000122.560, 96
000122.635, 105
000122.860, 110
000123.075, 111
000123.395, 109
000123.510, 122
000124.295, 110
000125.275, 116
000125.330, 116
000125.910, 116
000132.705, 111
000139.755, 106
000139.805, 112
000145.835, 117
000146.490, 117
000150.070, 72
000150.075, 117
000150.110, 48
000150.175, 113
000150.225, 57
000150.395, 119
000150.450, 108
000150.470, 134
000150.505, 136
000150.580, 104
000150.595, 101
000150.650, 97
000150.750, 96
000150.930, 101
000151.025, 99
000151.155, 100
000151.250, 99
000151.295, 98
000151.310, 96
000151.360, 110
000151.920, 108
000152.030, 105
000152.065, 113
000152.550, 105
000153.105, 104
000153.190, 119
000153.655, 107
000153.825, 114
000153.990, 101
000154.035, 100
000155.145, 99
000155.840, 124
000156.400, 103
000158.045, 120
000159.195, 132
000159.615, 101
000159.635, 96
000159.880, 120
000164.795, 99
000166.255, 92
000171.890, 92
000175.640, 103
000180.075, 29
000180.175, 55
000180.235, 48
000180.310, 87
000180.375, 86
000180.395, 71
000180.400, 91
000180.470, 100
000180.515, 95
000180.555, 79
000180.675, 83
000180.825, 86
000181.035, 79
000181.100, 89
000181.135, 95
000181.235, 96
000181.375, 90
000181.430, 96
000181.565, 88
000181.600, 101
000181.665, 103
000181.815, 89
000182.105, 99
000182.365, 103
000182.445, 97
000182.760, 96
000183.115, 107
000183.330, 115
000183.475, 96
000183.870, 96
000184.050, 91
000185.785, 118
000193.710, 105
000199.230, 114
000202.155, 117
000203.305, 127
000210.085, 91
000210.170, 100
000210.240, 91
000210.365, 89
000210.475, 88
000210.490, 92
000210.505, 104
000210.515, 82
000210.735, 85
000210.770, 119
000210.835, 98
000210.850, 88
000211.055, 95
000211.220, 85
000211.250, 85
000211.265, 97
000211.285, 88
000211.330, 96
000211.745, 101
000211.940, 97
000212.110, 97
000212.235, 107
000212.410, 107
000212.460, 109
000212.535, 100
000212.685, 100
000212.920, 96
000213.420, 118
000214.235, 114
000214.970, 124
000215.065, 113
000215.160, 111
000215.220, 118
000217.945, 100
000220.500, 121
000223.200, 113
000224.255, 106
000030.050, 175
000030.065, 127
000030.130, 100
000030.135, 86
000030.170, 69
000030.215, 128
000030.260, 69
000030.285, 93
000030.315, 107
000030.325, 68
000030.445, 79
000030.460, 117
000030.510, 80
000030.580, 90
000030.595, 83
000030.605, 101
000030.615, 82
000030.625, 79
000030.660, 77
000030.665, 84
000030.750, 102
000030.780, 94
000031.030, 96
000031.040, 94
000031.050, 91
000031.095, 89
000031.100, 89
000031.155, 89
000031.200, 98
000031.395, 106
000031.450, 88
000031.555, 86
000031.690, 86
000031.775, 92
000031.865, 96
000032.430, 87
000032.560, 86
000032.575, 89
000032.945, 84
000034.055, 94
000034.445, 126
000035.045, 102
000043.665, 90
000044.390, 101
000060.020, 73
000060.060, 64
000060.125, 49
000060.150, 89
000060.235, 87
000060.250, 80
000060.265, 112
000060.330, 80
000060.410, 123
000060.425, 78
000060.665, 105
000060.720, 91
000060.825, 89
000061.045, 115
000061.115, 124
000061.500, 122
000061.555, 110
000061.785, 106
000061.920, 123
000062.000, 128
000062.740, 109
000062.940, 105
000063.190, 106
000063.450, 124
000063.470, 123
000065.275, 109
000065.315, 117
000065.960, 107
000066.590, 117
000068.615, 115
000069.505, 113
000074.120, 109
000074.745, 107
000077.010, 101
000081.195, 97
000081.320, 97
000084.750, 96
000088.385, 109
000090.025, 48
000090.110, 81
000090.190, 58
000090.195, 84
000090.225, 78
000090.270, 127
000090.370, 67
000090.410, 67
000090.435, 69
000090.565, 99
000090.660, 112
000090.675, 122
000090.895, 73
000091.030, 116
000091.455, 117
000091.505, 97
000091.575, 119
000091.885, 117
000091.910, 106
000091.925, 119
000092.145, 103
000092.930, 98
000092.950, 103
000093.370, 124
000093.855, 97
000094.050, 96
000094.710, 98
000095.010, 104
000095.510, 98
000095.515, 96
000096.435, 121
000096.455, 112
000099.120, 101
000105.605, 106
000106.075, 101
000107.345, 97
000109.370, 100
000114.250, 93
000120.050, 25
000120.110, 62
000120.155, 141
000120.175, 87
000120.270, 71
000120.280, 134
000120.340, 151
000120.440, 82
000120.455, 116
000120.590, 94
000120.605, 79
000120.615, 76
000120.725, 82
000120.785, 111
000120.910, 110
000121.210, 106
000121.275, 113
000121.305, 112
000121.355, 108
000121.375, 106
000121.750, 119
000121.810, 102
000122.225, 101
000122.275, 111
000122.670, 99
000122.945, 143
000122.990, 98
000123.675, 125
000124.695, 102
000124.815, 101
000126.555, 113
000128.345, 106
000131.770, 103
000132.200, 101
000138.250, 95
000138.270, 90
000150.055, 41
000150.095, 73
000150.120, 98
000150.305, 92
000150.405, 86
000150.445, 82
000150.460, 98
000150.580, 82
000150.645, 116
000150.650, 124
000150.730, 80
000150.775, 88
000150.990, 94
000151.090, 118
000151.290, 122
000151.340, 122
000151.445, 98
000151.540, 127
000151.610, 129
000152.115, 98
000152.300, 93
000152.465, 124
000153.540, 111
000154.980, 104
000155.985, 118
000156.380, 100
000157.320, 115
000157.325, 109
000161.370, 98
000163.240, 100
000164.795, 98
000164.895, 99
000165.705, 112
000171.705, 111
000177.700, 96
000180.150, 77
000180.160, 72
000180.235, 97
000180.250, 69
000180.340, 73
000180.385, 100
000180.410, 123
000180.435, 135
000180.455, 127
000180.475, 97
000180.485, 134
000180.610, 90
000180.740, 89
000180.820, 94
000180.865, 139
000180.905, 88
000180.930, 87
000180.935, 142
000181.040, 95
000181.060, 143
000181.330, 138
000181.445, 128
000181.455, 127
000181.595, 137
000181.700, 124
000182.160, 120
000182.460, 114
000182.575, 123
000182.830, 122
000183.660, 115
000184.095, 127
000184.305, 113
000186.450, 108
000187.855, 107
000188.125, 107
000189.920, 98
000190.860, 96
000205.500, 93
000210.070, 141
000210.085, 129
000210.155, 69
000210.220, 137
000210.245, 142
000210.340, 155
000210.565, 148
000210.660, 133
000210.680, 125
000210.890, 151
000210.905, 159
000210.925, 142
000210.970, 139
000211.000, 130
000211.125, 130
000211.230, 129
000211.415, 127
000211.535, 135
000211.810, 134
000211.850, 127
000212.095, 128
000212.120, 123
000212.450, 122
000212.700, 122
000213.025, 122
000213.245, 119
000216.265, 124
000217.320, 113
000218.295, 112
000221.715, 108
000224.215, 99
000030.025, 55
000030.190, 81
000030.205, 97
000030.250, 105
000030.265, 79
000030.270, 78
000030.410, 97
000030.430, 102
000030.465, 94
000030.470, 91
000030.490, 94
000030.570, 104
000030.620, 102
000030.635, 95
000030.640, 95
000030.790, 91
000030.825, 91
000030.850, 95
000030.870, 91
000030.890, 98
000030.905, 95
000030.935, 90
000031.020, 111
000031.130, 106
000031.150, 89
000031.165, 117
000031.425, 103
000031.440, 95
000031.460, 93
000031.735, 91
000031.895, 86
000032.240, 102
000033.225, 98
000033.310, 93
000035.220, 110
000035.855, 107
000040.610, 96
000047.445, 100
000054.415, 105
000057.700, 93
000060.045, 74
000060.095, 93
000060.120, 137
000060.200, 73
000060.230, 115
000060.255, 142
000060.395, 77
000060.410, 104
000060.450, 141
000060.625, 90
000060.770, 86
000060.850, 93
000060.965, 85
000060.975, 85
000060.990, 102
000061.050, 102
000061.070, 85
000061.200, 108
000061.335, 114
000061.820, 89
000061.990, 81
000062.420, 92
000063.100, 108
000063.645, 96
000064.245, 101
000064.330, 96
000065.440, 125
000065.900, 114
000066.505, 126
000067.100, 112
000067.195, 110
000070.360, 113
000071.605, 110
000072.420, 107
000073.300, 101
000073.880, 100
000076.335, 125
000079.405, 107
000079.510, 98
000084.480, 109
000090.055, 127
000090.095, 141
000090.135, 128
000090.160, 125
000090.220, 114
000090.350, 114
000090.355, 136
000090.395, 122
000090.415, 113
000090.435, 110
000090.560, 106
000090.610, 106
000090.645, 151
000090.775, 102
000090.870, 102
000090.930, 105
000090.955, 101
000090.975, 101
000091.210, 98
000091.900, 116
000091.905, 126
000092.215, 146
000092.265, 111
000092.510, 134
000092.560, 147
000092.965, 125
000093.610, 117
000093.980, 113
000094.650, 116
000096.110, 105
000097.185, 104
000097.830, 103
000098.170, 102
000098.200, 102
000099.495, 122
000104.475, 99
000111.765, 116
000119.855, 99
000120.120, 81
000120.205, 84
000120.280, 79
000120.285, 93
000120.315, 132
000120.505, 104
000120.530, 102
000120.555, 134
000120.615, 101
000120.640, 99
000120.685, 131
000121.010, 107
000121.130, 98
000121.235, 110
000121.250, 108
000121.370, 95
000121.390, 113
000121.515, 119
000121.625, 96
000121.855, 92
000121.895, 101
000122.095, 92
000122.715, 120
000122.845, 118
000123.080, 117
000123.475, 135
000123.810, 115
000123.850, 111
000124.210, 113
000124.705, 105
000125.285, 101
000126.175, 105
000127.060, 95
000134.120, 132
000138.340, 119
000144.805, 96
000150.065, 122
000150.130, 95
000150.260, 109
000150.280, 84
000150.370, 151
000150.410, 155
000150.415, 130
000150.675, 120
000150.690, 116
000150.705, 140
000150.725, 114
000150.920, 113
000151.035, 115
000151.145, 108
000151.350, 107
000151.595, 132
000151.840, 117
000151.850, 110
000152.110, 115
000152.640, 105
000152.715, 131
000152.740, 105
000152.910, 138
000153.165, 122
000153.305, 109
000154.410, 107
000154.950, 103
000156.155, 112
000156.305, 101
000156.575, 100
000157.880, 101
000159.290, 99
000159.735, 96
000161.645, 110
000165.455, 102
000178.320, 108
000180.235, 107
000180.255, 85
000180.280, 82
000180.340, 81
000180.510, 83
000180.580, 79
000180.725, 85
000180.760, 95
000180.800, 110
000180.830, 119
000180.915, 126
000181.040, 88
000181.270, 88
000181.355, 130
000181.450, 137
000181.660, 124
000181.780, 108
000181.830, 101
000181.845, 97
000181.965, 93
000181.980, 92
000182.800, 98
000182.865, 116
000183.270, 109
000183.305, 119
000183.510, 92
000184.240, 94
000184.785, 93
000185.190, 123
000185.855, 129
000189.205, 104
000192.325, 114
000194.745, 99
000195.070, 100
000195.805, 125
000197.130, 114
000198.000, 112
000200.885, 100
000202.975, 105
000210.135, 79
000210.180, 99
000210.235, 96
000210.300, 92
000210.305, 86
000210.375, 98
000210.495, 87
000210.595, 133
000210.675, 145
000210.755, 122
000210.810, 108
000211.010, 129
000211.175, 112
000211.335, 118
000211.340, 108
000211.375, 136
000211.395, 105
000211.410, 102
000211.460, 137
000211.925, 137
000212.050, 137
000212.325, 139
000212.350, 132
000212.640, 123
000212.685, 117
000212.795, 149
000212.905, 154
000213.350, 135
000213.915, 129
000214.910, 119
000217.795, 105
000219.370, 122
000222.670, 109
000222.745, 103
000224.395, 103
000030.055, 41
000030.105, 57
000030.130, 74
000030.160, 55
000030.190, 58
000030.270, 105
000030.290, 112
000030.390, 72
000030.440, 74
000030.455, 74
000030.480, 71
000030.580, 68
000030.695, 77
000030.730, 68
000030.790, 80
000030.795, 77
000030.815, 70
000031.210, 90
000031.305, 76
000031.310, 75
000031.525, 93
000031.605, 75
000031.730, 98
000032.185, 99
000032.355, 81
000032.370, 89
000032.430, 81
000032.725, 82
000032.825, 86
000032.895, 80
000032.910, 94
000032.950, 104
000033.255, 94
000033.315, 79
000033.350, 105
000033.645, 111
000034.305, 104
000035.075, 107
000037.790, 118
000038.415, 98
000039.110, 110
000041.425, 113
000045.810, 122
000047.425, 114
000060.030, 176
000060.060, 77
000060.115, 119
000060.225, 103
000060.235, 66
000060.245, 121
000060.280, 137
000060.500, 104
000060.570, 95
000060.585, 80
000060.625, 72
000060.630, 102
000061.005, 96
000061.015, 92
000061.050, 110
000061.235, 116
000061.290, 103
000061.430, 117
000061.555, 96
000061.575, 96
000061.595, 94
000061.605, 93
000061.770, 108
000061.845, 93
000062.015, 92
000062.100, 89
000062.445, 127
000063.025, 122
000063.155, 122
000063.315, 112
000063.750, 116
000063.855, 112
000063.970, 113
000064.005, 109
000064.975, 128
000066.585, 130
000067.665, 120
000069.860, 134
000070.195, 104
000073.425, 108
000081.540, 112
000090.055, 132
000090.135, 77
000090.185, 74
000090.265, 77
000090.290, 97
000090.300, 124
000090.440, 104
000090.730, 126
000090.740, 137
000090.840, 139
000090.850, 141
000090.985, 123
000091.010, 118
000091.055, 115
000091.150, 126
000091.185, 130
000091.380, 114
000091.440, 110
000091.585, 125
000091.610, 109
000091.690, 108
000091.935, 143
000091.960, 112
000092.015, 105
000092.295, 104
000093.595, 111
000094.165, 103
000094.180, 131
000094.580, 100
000094.700, 98
000095.025, 97
000095.040, 107
000098.730, 100
000099.900, 98
000100.025, 113
000100.565, 115
000104.225, 110
000108.295, 102
000117.275, 86
000120.155, 81
000120.210, 84
000120.280, 99
000120.405, 128
000120.435, 123
000120.445, 128
000120.485, 106
000120.505, 109
000120.525, 102
000120.595, 94
000120.680, 100
000120.730, 106
000120.750, 94
000120.805, 125
000121.015, 103
000121.075, 92
000121.310, 96
000121.385, 104
000121.405, 130
000121.495, 139
000121.500, 141
000121.785, 131
000121.940, 114
000121.970, 101
000121.980, 99
000122.010, 89
000122.110, 122
000122.120, 89
000122.210, 86
000122.225, 86
000122.570, 96
000122.775, 120
000123.495, 96
000126.890, 94
000129.295, 104
000130.645, 102
000133.995, 98
000134.960, 94
000138.475, 92
000141.030, 92
000146.290, 96
000150.180, 91
000150.205, 102
000150.310, 67
000150.340, 102
000150.410, 83
000150.430, 115
000150.605, 77
000150.665, 76
000150.715, 87
000151.150, 88
000151.185, 84
000151.210, 89
000151.690, 114
000151.745, 106
000151.850, 106
000151.910, 103
000152.035, 106
000152.300, 125
000152.570, 100
000152.880, 99
000152.940, 128
000152.965, 96
000152.975, 96
000153.240, 113
000153.255, 107
000154.535, 112
000154.800, 104
000155.100, 108
000155.280, 102
000156.230, 112
000156.250, 107
000156.680, 132
000161.740, 111
000166.335, 112
000166.645, 101
000170.690, 102
000172.805, 109
000172.835, 115
000180.160, 158
000180.275, 127
000180.285, 118
000180.310, 142
000180.315, 113
000180.330, 108
000180.350, 143
000180.425, 157
000180.500, 165
000180.675, 125
000180.765, 136
000180.850, 115
000180.940, 113
000181.005, 154
000181.010, 113
000181.255, 111
000181.595, 105
000181.790, 121
000181.900, 126
000182.205, 113
000182.430, 110
000182.445, 107
000182.815, 106
000182.830, 132
000183.145, 108
000183.195, 103
000183.300, 102
000183.685, 102
000184.635, 119
000184.650, 103
000186.295, 99
000188.185, 97
000190.325, 94
000193.005, 96
000193.330, 95
000194.410, 112
000194.970, 107
000201.560, 87
000210.115, 185
000210.165, 110
000210.210, 162
000210.225, 101
000210.240, 96
000210.425, 94
000210.515, 85
000210.520, 81
000210.550, 78
000210.625, 84
000210.670, 84
000210.680, 83
000210.765, 79
000211.115, 110
000211.275, 120
000211.395, 102
000211.605, 103
000211.805, 98
000211.960, 119
000212.235, 98
000212.260, 98
000212.380, 98
000212.615, 102
000213.055, 108
000213.250, 114
000213.320, 98
000214.330, 96
000214.940, 123
000215.090, 116
000215.545, 110
000217.195, 103
000220.295, 110
000224.035, 107
000030.010, 129
000030.030, 24
000030.055, 67
000030.100, 80
000030.175, 115
000030.180, 119
000030.210, 105
000030.245, 104
000030.250, 96
000030.260, 93
000030.370, 87
000030.385, 92
000030.415, 120
000030.595, 103
000030.670, 98
000030.720, 93
000030.770, 106
000030.900, 92
000030.935, 95
000031.015, 88
000031.020, 86
000031.170, 97
000031.245, 86
000031.290, 85
000031.320, 83
000031.330, 82
000031.475, 99
000031.645, 92
000031.665, 95
000031.860, 102
000031.990, 89
000032.130, 115
000032.210, 95
000032.545, 103
000032.795, 116
000032.980, 93
000034.670, 97
000035.335, 125
000035.675, 100
000039.640, 126
000041.030, 105
000041.205, 118
000060.050, 163
000060.290, 148
000060.310, 159
000060.360, 147
000060.380, 137
000060.420, 149
000060.480, 136
000060.560, 143
000060.580, 142
000060.615, 136
000060.650, 134
000060.675, 131
000060.890, 120
000060.965, 120
000061.495, 153
000061.535, 130
000061.590, 119
000061.725, 138
000061.825, 121
000061.880, 154
000061.955, 117
000061.970, 124
000062.235, 131
000062.355, 116
000063.405, 122
000063.520, 108
000063.600, 106
000064.310, 118
000064.810, 106
000065.765, 101
000066.025, 99
000066.375, 99
000067.275, 98
000069.060, 97
000069.395, 115
000073.220, 98
000074.695, 100
000083.240, 127
000084.445, 103
000090.120, 139
000090.125, 129
000090.155, 108
000090.180, 99
000090.240, 106
000090.320, 117
000090.335, 101
000090.345, 138
000090.455, 98
000090.475, 94
000090.520, 131
000090.680, 145
000090.690, 95
000090.895, 94
000090.900, 94
000091.120, 97
000091.200, 100
000091.260, 99
000091.290, 97
000091.470, 101
000091.570, 115
000091.705, 123
000092.010, 99
000092.210, 112
000092.805, 96
000093.280, 100
000093.555, 104
000094.165, 101
000094.435, 100
000096.405, 111
000096.415, 131
000097.155, 104
000097.410, 115
000097.705, 113
000098.590, 102
000100.325, 110
000103.750, 103
000120.140, 79
000120.235, 86
000120.255, 77
000120.270, 108
000120.300, 120
000120.525, 117
000120.590, 106
000120.645, 99
000120.690, 99
000120.785, 105
000120.855, 95
000121.080, 115
000121.270, 125
000121.290, 116
000121.335, 114
000121.600, 117
000121.715, 118
000121.860, 124
000121.930, 114
000122.010, 115
000122.130, 127
000122.155, 116
000122.240, 115
000122.320, 114
000122.375, 113
000122.610, 135
000122.700, 109
000122.785, 108
000123.030, 114
000124.000, 118
000125.220, 107
000126.795, 129
000127.180, 106
000127.740, 116
000130.185, 115
000130.400, 104
000133.040, 109
000134.245, 102
000140.340, 100
000150.045, 98
000150.070, 122
000150.090, 59
000150.245, 91
000150.425, 76
000150.450, 78
000150.505, 82
000150.540, 77
000150.590, 101
000150.825, 110
000151.010, 104
000151.075, 115
000151.125, 114
000151.200, 103
000151.295, 103
000151.495, 103
000151.575, 102
000151.870, 111
000151.890, 117
000152.030, 121
000152.110, 102
000152.270, 117
000152.505, 105
000152.915, 117
000153.180, 115
000153.305, 116
000153.690, 124
000153.995, 112
000154.115, 126
000154.265, 120
000154.420, 111
000159.435, 101
000163.920, 96
000170.105, 110
000172.250, 88
000175.055, 87
000180.335, 127
000180.340, 117
000180.350, 114
000180.395, 134
000180.415, 103
000180.465, 134
000180.490, 114
000180.510, 143
000180.540, 105
000180.590, 102
000180.645, 97
000180.735, 116
000180.795, 138
000180.840, 142
000180.950, 96
000181.000, 96
000181.200, 92
000181.235, 92
000181.280, 100
000181.485, 100
000181.515, 106
000181.520, 97
000181.800, 93
000182.175, 92
000182.230, 90
000182.420, 88
000182.525, 95
000182.815, 106
000183.300, 128
000183.955, 109
000184.890, 94
000185.385, 101
000186.440, 117
000188.320, 108
000190.210, 105
000191.070, 96
000191.250, 103
000198.305, 99
000198.905, 125
000204.520, 88
000210.075, 46
000210.100, 114
000210.105, 137
000210.170, 141
000210.180, 130
000210.190, 144
000210.205, 109
000210.245, 111
000210.410, 159
000210.545, 144
000210.590, 142
000210.625, 133
000210.655, 131
000210.730, 130
000210.765, 126
000210.910, 162
000210.970, 122
000211.035, 142
000211.235, 119
000211.275, 118
000211.625, 117
000211.660, 114
000212.160, 107
000212.185, 119
000212.350, 106
000212.380, 106
000212.540, 107
000212.705, 106
000212.915, 105
000213.000, 108
000213.640, 138
000214.115, 100
000214.570, 116
000216.280, 117
000216.710, 109
000217.820, 106
000030.025, 126
000030.050, 54
000030.085, 64
000030.100, 66
000030.110, 110
000030.160, 72
000030.210, 76
000030.365, 118
000030.415, 80
000030.485, 81
000030.520, 79
000030.525, 77
000030.550, 75
000030.590, 87
000030.605, 88
000030.620, 79
000030.655, 76
000030.690, 75
000030.715, 75
000030.815, 79
000030.830, 92
000030.860, 77
000030.905, 76
000031.025, 79
000031.100, 76
000031.135, 90
000031.275, 75
000031.315, 75
000031.330, 88
000031.350, 73
000031.530, 81
000031.675, 77
000031.875, 77
000032.020, 78
000032.440, 90
000032.675, 94
000033.640, 100
000034.320, 96
000034.325, 95
000037.005, 99
000039.755, 106
000041.430, 101
000045.095, 101
000060.140, 74
000060.250, 81
000060.300, 108
000060.355, 102
000060.435, 108
000060.475, 78
000060.895, 94
000060.900, 93
000060.910, 98
000060.975, 100
000061.050, 96
000061.080, 95
000061.355, 116
000061.530, 99
000061.540, 114
000061.550, 99
000061.820, 93
000061.865, 93
000062.185, 93
000062.230, 98
000062.275, 92
000062.310, 91
000062.820, 98
000063.465, 103
000063.655, 104
000063.810, 122
000063.860, 110
000064.005, 107
000064.675, 106
000064.875, 119
000065.780, 110
000065.870, 120
000066.710, 104
000073.555, 99
000088.950, 111
000090.030, 45
000090.050, 76
000090.115, 117
000090.145, 120
000090.275, 91
000090.405, 81
000090.725, 83
000090.745, 83
000090.870, 86
000090.880, 92
000090.915, 90
000090.925, 80
000090.945, 79
000091.010, 94
000091.275, 96
000091.335, 79
000091.595, 86
000092.085, 98
000092.185, 90
000092.330, 89
000092.365, 88
000092.760, 100
000092.840, 91
000093.100, 99
000093.740, 102
000093.810, 111
000094.385, 99
000094.490, 95
000094.600, 94
000094.930, 96
000095.985, 100
000096.860, 96
000097.260, 106
000098.715, 128
000099.340, 130
000099.400, 117
000100.745, 111
000120.045, 23
000120.275, 73
000120.285, 91
000120.290, 71
000120.370, 73
000120.635, 79
000120.805, 104
000120.850, 104
000120.870, 105
000120.920, 109
000121.115, 83
000121.350, 112
000121.640, 108
000121.665, 107
000121.700, 109
000121.860, 105
000121.880, 102
000121.940, 99
000122.030, 103
000122.095, 116
000122.225, 98
000122.340, 120
000122.460, 98
000122.540, 98
000122.695, 98
000122.815, 96
000124.240, 100
000126.175, 109
000126.760, 106
000126.795, 101
000127.030, 101
000129.160, 116
000130.425, 112
000131.410, 110
000145.010, 101
000150.075, 47
000150.235, 71
000150.240, 86
000150.250, 65
000150.260, 93
000150.285, 75
000150.305, 65
000150.475, 95
000150.485, 71
000150.685, 89
000150.845, 103
000150.970, 106
000150.990, 96
000151.050, 105
000151.060, 97
000151.205, 98
000151.220, 98
000151.390, 95
000151.655, 96
000151.850, 95
000151.950, 101
000152.135, 104
000152.330, 98
000152.625, 100
000153.390, 105
000153.515, 103
000153.835, 106
000155.010, 107
000155.285, 104
000155.440, 99
000155.570, 122
000155.710, 129
000158.170, 105
000167.405, 117
000172.510, 116
000180.165, 54
000180.195, 71
000180.215, 67
000180.245, 117
000180.315, 94
000180.345, 72
000180.440, 100
000180.445, 68
000180.585, 88
000180.610, 86
000180.650, 90
000180.655, 113
000180.675, 83
000180.845, 91
000181.050, 92
000181.090, 90
000181.215, 105
000181.230, 90
000181.650, 103
000181.770, 107
000181.855, 100
000181.970, 97
000181.985, 94
000182.010, 94
000182.980, 94
000183.465, 94
000184.250, 102
000184.520, 117
000185.980, 106
000185.985, 110
000186.040, 105
000188.285, 112
000188.970, 105
000194.200, 125
000195.515, 108
000198.760, 135
000201.025, 115
000210.230, 67
000210.340, 89
000210.415, 76
000210.470, 90
000210.485, 84
000210.490, 75
000210.520, 97
000210.685, 92
000210.765, 85
000210.805, 115
000210.815, 84
000210.845, 121
000210.925, 81
000211.120, 89
000211.235, 115
000211.490, 100
000211.510, 100
000211.715, 95
000211.730, 95
000211.770, 92
000211.945, 91
000212.085, 115
000212.720, 102
000212.935, 109
000213.175, 115
000213.230, 98
000213.565, 107
000213.695, 100
000214.295, 100
000214.870, 106
000215.285, 112
000215.790, 111
000216.505, 105
000217.875, 109
000030.110, 61
000030.170, 92
000030.195, 65
000030.210, 79
000030.215, 65
000030.230, 63
000030.240, 103
000030.375, 64
000030.445, 70
000030.480, 71
000030.530, 79
000030.600, 73
000030.695, 79
000030.760, 77
000030.785, 77
000030.835, 75
000030.905, 78
000030.945, 72
000030.995, 71
000031.125, 86
000031.190, 93
000031.220, 75
000031.250, 74
000031.430, 80
000031.540, 76
000031.615, 77
000031.645, 87
000031.805, 92
000031.850, 93
000032.040, 96
000032.645, 85
000033.575, 97
000033.875, 101
000034.655, 103
000036.755, 104
000038.410, 102
000040.390, 105
000040.440, 101
000044.720, 106
000051.620, 101
000060.065, 85
000060.140, 79
000060.155, 75
000060.225, 94
000060.235, 123
000060.295, 100
000060.330, 131
000060.350, 78
000060.475, 133
000060.545, 85
000060.595, 85
000060.700, 74
000060.705, 74
000060.750, 76
000060.815, 87
000060.905, 82
000061.125, 94
000061.355, 95
000061.380, 100
000061.405, 103
000061.460, 87
000061.730, 124
000062.090, 124
000062.215, 123
000062.740, 106
000062.890, 114
000063.035, 105
000063.435, 105
000063.465, 111
000064.470, 106
000065.860, 112
000066.805, 120
000068.400, 108
000068.875, 97
000077.045, 93
000077.925, 93
000084.880, 90
000090.030, 56
000090.085, 60
000090.100, 71
000090.160, 157
000090.195, 148
000090.200, 146
000090.290, 100
000090.385, 119
000090.420, 118
000090.430, 100
000090.500, 99
000090.595, 98
000090.715, 104
000090.730, 96
000090.855, 94
000090.880, 93
000090.940, 90
000091.050, 89
000091.065, 89
000091.380, 129
000091.395, 134
000091.535, 101
000091.925, 129
000092.690, 117
000093.255, 109
000093.275, 104
000093.595, 104
000093.675, 103
000094.615, 100
000094.925, 100
000095.290, 126
000095.970, 105
000097.820, 101
000098.535, 99
000109.630, 121
000120.045, 100
000120.070, 167
000120.120, 159
000120.140, 70
000120.245, 75
000120.345, 125
000120.450, 165
000120.600, 91
000120.745, 144
000120.780, 92
000121.145, 105
000121.240, 88
000121.255, 114
000121.525, 88
000121.590, 92
000121.620, 93
000122.495, 96
000122.960, 105
000123.040, 99
000123.255, 114
000123.325, 120
000123.405, 111
000124.540, 107
000124.960, 124
000128.275, 111
000130.465, 110
000130.605, 113
000130.735, 112
000130.865, 108
000131.610, 106
000133.855, 102
000138.780, 107
000143.680, 102
000150.100, 53
000150.175, 84
000150.535, 81
000150.620, 91
000150.665, 95
000150.710, 88
000150.720, 97
000150.735, 80
000150.870, 89
000150.930, 107
000151.010, 98
000151.030, 96
000151.040, 110
000151.355, 109
000151.505, 111
000151.520, 113
000151.535, 116
000151.570, 119
000151.935, 104
000151.970, 101
000151.995, 98
000152.045, 97
000152.380, 111
000152.640, 95
000152.670, 110
000153.525, 107
000153.685, 101
000155.975, 103
000157.640, 121
000158.160, 115
000160.780, 107
000161.890, 107
000162.690, 105
000163.355, 103
000174.510, 92
000180.190, 58
000180.265, 60
000180.425, 77
000180.485, 97
000180.540, 89
000180.605, 102
000180.720, 77
000180.725, 106
000180.805, 76
000180.820, 75
000180.885, 106
000181.145, 99
000181.155, 112
000181.340, 111
000181.360, 107
000181.475, 107
000181.590, 115
000181.735, 125
000181.860, 104
000181.945, 102
000182.600, 109
000182.705, 122
000183.050, 104
000185.015, 114
000185.300, 122
000185.895, 109
000186.595, 110
000187.535, 104
000187.580, 113
000188.480, 112
000189.000, 118
000195.805, 109
000199.740, 105
000210.130, 164
000210.170, 157
000210.195, 150
000210.250, 133
000210.315, 132
000210.320, 126
000210.340, 118
000210.345, 140
000210.365, 150
000210.415, 133
000210.475, 117
000210.485, 144
000210.495, 116
000210.560, 134
000210.580, 113
000210.630, 107
000210.805, 106
000210.845, 111
000210.880, 132
000211.180, 106
000211.280, 118
000211.520, 103
000211.525, 109
000211.900, 101
000212.560, 100
000212.660, 98
000213.045, 103
000213.320, 105
000213.505, 110
000215.245, 118
000215.255, 107
000224.100, 106
000224.430, 103
