000030.050, 63
000030.120, 60
000030.170, 75
000030.190, 41
000030.205, 53
000030.210, 79
000030.230, 87
000030.255, 89
000030.305, 89
000030.325, 99
000030.340, 83
000030.365, 55
000030.380, 83
000030.405, 84
000030.520, 64
000030.575, 59
000030.630, 59
000030.645, 57
000030.675, 56
000030.695, 67
000030.750, 72
000030.915, 78
000030.930, 108
000030.980, 108
000031.030, 111
000031.135, 70
000031.195, 82
000031.300, 81
000031.410, 83
000031.420, 75
000031.530, 82
000031.575, 85
000031.720, 93
000031.735, 81
000032.065, 84
000032.230, 98
000032.880, 110
000032.900, 111
000032.940, 90
000033.475, 102
000033.875, 121
000034.040, 107
000034.205, 94
000034.325, 107
000035.450, 144
000037.590, 122
000041.220, 128
000041.330, 109
000042.265, 119
000052.255, 98
000054.195, 125
000059.735, 116
000060.265, 91
000060.515, 137
000060.610, 121
000060.795, 122
000060.850, 116
000061.185, 140
000061.340, 135
000061.555, 128
000061.575, 126
000061.755, 106
000061.885, 115
000061.905, 125
000062.050, 134
000062.245, 141
000062.250, 102
000062.415, 121
000062.440, 127
000062.785, 108
000062.865, 127
000062.960, 131
000063.395, 129
000063.675, 128
000063.880, 115
000064.375, 111
000064.425, 124
000064.630, 111
000065.505, 104
000065.640, 127
000066.165, 108
000066.580, 116
000066.615, 105
000066.750, 139
000066.980, 128
000067.490, 136
000067.875, 100
000067.980, 99
000069.145, 135
000070.205, 114
000070.460, 94
000071.645, 87
000072.295, 112
000073.140, 89
000074.995, 97
000077.965, 114
000079.010, 108
000079.735, 94
000079.830, 93
000080.980, 93
000083.865, 87
000090.085, 125
000090.170, 140
000090.345, 92
000090.360, 84
000090.395, 98
000090.655, 131
000090.985, 151
000091.385, 145
000091.815, 123
000091.985, 128
000092.020, 147
000092.105, 112
000092.280, 110
000092.740, 137
000092.945, 108
000092.975, 102
000093.035, 109
000093.100, 118
000093.200, 136
000093.505, 106
000094.015, 152
000094.035, 132
000094.165, 130
000094.245, 153
000095.270, 133
000095.780, 129
000095.815, 147
000095.930, 112
000096.000, 140
000096.645, 112
000097.110, 118
000097.225, 104
000097.615, 95
000097.765, 87
000097.815, 134
000098.495, 106
000098.770, 92
000099.870, 101
000101.035, 86
000102.795, 128
000103.635, 125
000104.015, 110
000104.380, 109
000104.780, 111
000107.640, 92
000108.965, 86
000110.885, 96
000118.990, 90
000120.275, 109
000120.295, 126
000120.360, 137
000120.475, 139
000120.845, 126
000120.950, 123
000121.090, 123
000121.695, 140
000121.835, 133
000122.015, 126
000122.300, 125
000122.375, 124
000122.405, 112
000122.675, 143
000123.015, 125
000123.025, 113
000123.865, 123
000124.030, 120
000124.075, 123
000124.230, 123
000124.520, 117
000124.680, 132
000124.885, 131
000124.905, 133
000124.985, 139
000125.610, 145
000125.805, 113
000125.865, 110
000126.310, 119
000126.435, 127
000127.015, 116
000127.195, 131
000127.695, 107
000128.070, 110
000128.580, 108
000129.425, 131
000129.550, 97
000131.895, 107
000133.065, 105
000133.600, 114
000139.995, 79
000142.570, 101
000147.080, 96
000149.305, 102
000150.155, 105
000150.165, 66
000150.175, 63
000150.210, 136
000150.360, 120
000150.395, 106
000150.410, 101
000150.525, 137
000150.600, 105
000150.645, 138
000150.685, 101
000150.885, 98
000151.085, 147
000151.155, 124
000151.285, 120
000151.405, 101
000151.445, 123
000151.545, 162
000151.630, 116
000152.000, 150
000152.075, 138
000152.795, 124
000152.915, 110
000153.050, 118
000153.095, 155
000153.175, 106
000153.290, 120
000153.310, 104
000153.620, 108
000153.795, 119
000153.810, 98
000155.100, 100
000155.970, 99
000156.645, 88
000157.540, 101
000158.130, 135
000158.215, 145
000158.315, 105
000158.700, 126
000158.835, 111
000159.720, 135
000159.820, 103
000160.510, 110
000160.835, 108
000162.380, 119
000163.920, 90
000166.810, 110
000175.630, 100
000176.315, 86
000180.360, 123
000180.450, 162
000180.750, 123
000180.860, 109
000180.905, 111
000181.200, 124
000181.260, 135
000181.285, 104
000181.345, 103
000181.475, 110
000181.505, 137
000181.585, 114
000181.625, 97
000181.800, 98
000181.960, 105
000181.970, 124
000182.480, 131
000182.670, 152
000182.700, 133
000182.855, 148
000183.090, 155
000183.135, 126
000183.540, 107
000183.930, 125
000184.020, 126
000184.300, 129
000184.445, 124
000184.490, 138
000184.715, 121
000184.935, 113
000185.350, 103
000185.760, 108
000186.065, 108
000186.090, 102
000186.180, 129
000186.655, 140
000187.325, 112
000187.545, 90
000187.715, 90
000187.740, 87
000188.385, 74
000189.445, 123
000189.705, 106
000193.455, 110
000201.520, 95
000201.565, 109
000204.625, 80
000205.935, 109
000208.990, 92
000210.215, 97
000210.280, 91
000210.485, 96
000210.635, 111
000210.785, 120
000210.865, 126
000210.885, 100
000211.055, 153
000211.125, 119
000211.380, 112
000211.395, 102
000211.875, 134
000211.940, 122
000212.000, 101
000212.195, 148
000212.300, 108
000212.495, 101
000212.625, 110
000212.760, 107
000212.895, 114
000213.085, 123
000213.595, 124
000213.885, 113
000213.935, 104
000214.015, 103
000214.370, 127
000214.465, 134
000214.535, 109
000214.745, 105
000214.905, 122
000215.295, 113
000215.565, 125
000215.815, 97
000216.375, 117
000216.620, 93
000217.780, 124
000218.345, 118
000218.840, 134
000220.635, 96
000220.815, 127
000220.920, 99
000220.985, 151
000222.495, 107
000222.810, 94
000223.095, 86
000223.195, 82
000030.025, 61
000030.080, 80
000030.095, 74
000030.110, 78
000030.130, 81
000030.150, 65
000030.170, 47
000030.225, 69
000030.270, 80
000030.295, 55
000030.300, 90
000030.305, 92
000030.330, 58
000030.335, 80
000030.380, 48
000030.415, 74
000030.455, 99
000030.490, 102
000030.515, 95
000030.525, 78
000030.580, 60
000030.605, 51
000030.675, 66
000030.820, 78
000030.825, 82
000030.860, 107
000030.880, 115
000030.890, 119
000030.930, 126
000031.005, 102
000031.225, 76
000031.255, 89
000031.280, 93
000031.360, 94
000031.435, 92
000031.640, 97
000032.015, 100
000032.375, 106
000032.390, 110
000032.615, 134
000033.025, 116
000033.280, 99
000033.635, 95
000034.580, 100
000034.910, 93
000035.095, 113
000035.580, 107
000037.325, 126
000038.810, 127
000039.760, 113
000039.820, 97
000043.510, 110
000060.170, 103
000060.235, 98
000060.270, 120
000060.585, 128
000060.695, 123
000060.875, 129
000060.980, 135
000061.010, 94
000061.155, 96
000061.260, 124
000061.500, 124
000061.645, 102
000061.855, 137
000061.875, 140
000061.905, 122
000062.300, 120
000062.345, 116
000062.455, 116
000062.510, 125
000062.755, 99
000063.500, 103
000063.600, 111
000063.615, 114
000063.690, 102
000064.070, 113
000064.355, 98
000064.420, 89
000064.500, 126
000064.910, 127
000065.135, 114
000065.270, 129
000066.115, 125
000066.120, 123
000066.585, 101
000066.660, 118
000067.165, 133
000067.950, 107
000068.690, 123
000069.535, 108
000069.630, 100
000071.365, 115
000072.070, 129
000072.915, 106
000073.155, 92
000074.565, 85
000076.385, 101
000078.470, 124
000079.405, 100
000083.210, 101
000090.245, 120
000090.290, 99
000090.310, 99
000090.510, 124
000090.935, 136
000090.975, 120
000091.055, 120
000091.085, 114
000091.420, 111
000091.465, 110
000091.550, 104
000091.620, 108
000091.710, 103
000091.730, 99
000091.765, 98
000091.935, 121
000092.010, 101
000092.080, 97
000092.910, 120
000092.965, 108
000092.990, 108
000093.050, 101
000093.195, 100
000093.670, 119
000093.815, 151
000094.245, 129
000094.535, 125
000094.835, 120
000095.110, 151
000095.320, 140
000095.410, 129
000095.575, 111
000096.465, 129
000096.655, 131
000096.905, 130
000097.185, 126
000097.305, 103
000097.830, 89
000098.395, 131
000098.785, 135
000101.670, 91
000103.595, 94
000105.680, 110
000106.550, 114
000107.780, 104
000107.840, 96
000108.710, 93
000117.010, 103
000118.200, 89
000120.325, 106
000120.350, 106
000120.355, 109
000120.375, 147
000120.530, 119
000120.635, 116
000120.645, 130
000120.740, 118
000120.825, 136
000120.850, 127
000120.885, 121
000120.930, 140
000121.125, 135
000121.220, 115
000121.630, 116
000121.655, 108
000121.675, 107
000121.960, 112
000122.325, 109
000122.465, 114
000122.500, 94
000122.685, 103
000122.695, 116
000122.735, 124
000123.370, 120
000123.470, 127
000124.020, 115
000124.635, 104
000124.780, 103
000124.900, 116
000125.120, 128
000125.155, 147
000125.860, 114
000126.110, 110
000126.275, 137
000127.360, 130
000128.705, 113
000128.845, 99
000129.135, 101
000129.145, 122
000129.570, 90
000130.785, 104
000131.135, 111
000131.890, 78
000132.065, 87
000132.170, 97
000132.375, 69
000134.395, 89
000138.080, 92
000150.095, 133
000150.255, 121
000150.415, 109
000150.600, 90
000150.630, 99
000150.645, 90
000150.675, 85
000150.685, 123
000150.795, 135
000151.030, 98
000151.140, 109
000151.145, 139
000151.170, 146
000151.440, 130
000151.840, 125
000151.940, 120
000152.065, 126
000152.365, 113
000152.435, 103
000152.485, 126
000152.515, 142
000152.800, 135
000152.815, 140
000152.915, 125
000153.675, 126
000153.870, 144
000153.935, 144
000154.030, 117
000154.130, 113
000154.435, 127
000155.070, 156
000155.450, 112
000155.480, 90
000156.675, 121
000157.515, 103
000158.370, 115
000160.275, 108
000161.880, 106
000164.905, 132
000165.045, 115
000168.295, 106
000168.440, 104
000169.300, 92
000169.990, 102
000171.630, 101
000172.560, 101
000173.150, 95
000173.370, 79
000180.160, 128
000180.175, 100
000180.190, 74
000180.400, 120
000180.450, 91
000180.480, 91
000180.710, 110
000180.830, 122
000180.860, 102
000180.910, 139
000181.210, 120
000181.260, 143
000181.515, 139
000181.520, 138
000181.550, 133
000181.625, 110
000181.755, 120
000181.860, 114
000181.880, 137
000181.960, 143
000182.075, 110
000182.185, 114
000182.560, 134
000182.810, 114
000183.040, 107
000183.715, 112
000184.170, 104
000184.435, 127
000184.605, 108
000185.405, 119
000185.620, 128
000185.705, 118
000185.780, 118
000185.805, 135
000186.895, 109
000187.375, 82
000187.815, 118
000188.385, 123
000189.765, 118
000190.615, 133
000191.030, 110
000191.565, 91
000192.225, 112
000192.605, 87
000193.070, 85
000197.065, 88
000201.500, 97
000202.455, 99
000209.025, 96
000210.370, 93
000210.715, 134
000210.730, 146
000211.150, 127
000211.165, 120
000211.230, 128
000211.255, 122
000211.315, 118
000211.365, 104
000211.530, 122
000211.645, 128
000211.955, 129
000211.965, 122
000212.020, 132
000212.390, 125
000212.720, 120
000212.990, 120
000213.050, 119
000213.060, 115
000213.095, 137
000213.300, 106
000213.310, 103
000213.325, 102
000213.830, 101
000214.080, 136
000214.170, 98
000214.900, 105
000215.050, 118
000215.245, 116
000215.645, 116
000216.175, 121
000216.360, 132
000216.540, 116
000216.785, 112
000218.390, 100
000218.475, 109
000219.025, 96
000219.545, 118
000220.195, 110
000221.970, 84
000222.495, 102
000222.545, 83
000222.685, 112
000223.380, 90
000224.435, 129
000030.030, 104
000030.060, 71
000030.115, 53
000030.170, 57
000030.205, 62
000030.250, 65
000030.265, 51
000030.270, 80
000030.275, 46
000030.335, 95
000030.400, 99
000030.415, 130
000030.515, 71
000030.565, 82
000030.655, 93
000030.725, 96
000030.740, 80
000030.830, 112
000030.845, 99
000030.920, 102
000030.975, 114
000031.010, 102
000031.160, 92
000031.170, 78
000031.225, 87
000031.230, 71
000031.335, 76
000031.355, 70
000031.425, 125
000031.430, 67
000031.540, 88
000031.580, 108
000031.980, 126
000032.355, 110
000032.615, 105
000032.640, 125
000032.730, 103
000032.845, 91
000032.895, 96
000033.040, 85
000033.115, 107
000033.220, 130
000033.895, 137
000033.950, 119
000034.560, 127
000036.585, 104
000038.065, 102
000039.545, 114
000046.605, 117
000049.680, 108
000054.995, 96
000060.105, 95
000060.150, 121
000060.175, 88
000060.185, 131
000060.230, 82
000060.505, 90
000060.535, 105
000060.560, 123
000060.570, 139
000060.740, 141
000060.820, 129
000061.025, 114
000061.075, 103
000061.120, 99
000061.265, 124
000061.295, 130
000061.375, 117
000061.520, 104
000061.555, 103
000061.680, 108
000061.765, 139
000062.095, 140
000062.105, 136
000062.275, 134
000062.680, 119
000062.895, 127
000062.965, 144
000063.010, 130
000063.575, 139
000063.730, 111
000063.990, 93
000064.105, 100
000064.385, 93
000064.400, 111
000064.620, 102
000065.065, 83
000065.515, 102
000065.640, 117
000065.875, 102
000065.930, 117
000066.650, 115
000067.535, 117
000068.670, 119
000068.965, 115
000069.655, 99
000071.065, 110
000071.325, 101
000073.730, 77
000075.145, 91
000075.430, 128
000078.230, 78
000086.250, 94
000088.420, 78
000090.090, 57
000090.165, 87
000090.280, 120
000090.320, 75
000090.350, 65
000090.440, 122
000090.560, 124
000090.695, 111
000091.180, 123
000091.295, 107
000091.325, 139
000091.435, 143
000091.550, 103
000091.770, 124
000091.960, 98
000092.015, 128
000092.060, 97
000092.240, 122
000092.315, 124
000092.470, 124
000092.505, 107
000092.770, 124
000092.780, 145
000092.805, 148
000092.870, 145
000093.190, 141
000093.370, 129
000093.685, 128
000094.030, 114
000094.225, 137
000094.415, 127
000094.595, 98
000095.315, 98
000095.485, 89
000095.600, 92
000095.890, 126
000096.505, 105
000096.785, 82
000097.165, 129
000097.940, 99
000098.055, 110
000098.400, 107
000098.710, 115
000100.065, 110
000101.775, 92
000102.465, 135
000104.025, 100
000105.290, 102
000105.630, 96
000109.955, 88
000110.980, 107
000116.430, 96
000120.200, 114
000120.210, 104
000120.305, 98
000120.340, 153
000120.450, 108
000120.560, 143
000120.795, 123
000120.895, 107
000120.920, 101
000121.110, 100
000121.120, 116
000121.210, 124
000121.300, 114
000121.355, 98
000121.480, 102
000121.585, 103
000121.590, 101
000121.640, 123
000121.795, 108
000122.185, 123
000122.565, 137
000123.040, 115
000123.165, 145
000123.655, 118
000124.100, 104
000124.190, 121
000124.255, 129
000124.435, 118
000124.490, 117
000124.805, 110
000125.620, 106
000126.155, 128
000126.205, 116
000126.375, 107
000126.565, 127
000127.075, 124
000128.195, 108
000129.320, 102
000130.165, 105
000130.750, 96
000131.340, 96
000132.470, 134
000132.660, 104
000133.555, 86
000134.090, 86
000134.655, 90
000136.570, 88
000146.540, 119
000146.755, 100
000150.230, 104
000150.310, 119
000150.390, 98
000150.465, 103
000150.510, 88
000150.515, 79
000150.590, 131
000150.620, 99
000150.760, 123
000150.880, 101
000151.105, 101
000151.110, 99
000151.125, 93
000151.160, 121
000151.385, 125
000151.460, 138
000151.685, 132
000151.965, 139
000151.980, 130
000152.355, 117
000152.375, 117
000152.610, 120
000152.705, 143
000153.010, 99
000153.120, 116
000153.445, 133
000153.530, 141
000153.690, 121
000153.780, 109
000154.260, 107
000154.780, 116
000155.425, 106
000156.755, 99
000156.860, 113
000158.445, 101
000158.545, 102
000159.075, 95
000159.985, 113
000162.835, 92
000162.860, 88
000164.030, 88
000164.745, 95
000166.135, 100
000168.480, 105
000169.895, 95
000172.555, 114
000174.550, 84
000176.385, 114
000180.110, 136
000180.150, 122
000180.275, 97
000180.315, 99
000180.385, 97
000180.450, 147
000180.615, 120
000180.780, 109
000180.795, 107
000180.950, 107
000180.990, 124
000181.185, 122
000181.445, 127
000181.485, 118
000181.690, 116
000181.925, 113
000182.040, 106
000182.065, 101
000182.155, 122
000182.200, 101
000182.330, 112
000182.365, 132
000182.435, 109
000182.650, 133
000182.835, 153
000182.865, 138
000182.935, 126
000183.070, 154
000183.560, 146
000183.885, 116
000184.400, 136
000184.565, 137
000184.650, 114
000184.680, 140
000184.785, 108
000185.975, 108
000186.005, 103
000186.055, 100
000187.350, 119
000187.485, 101
000188.760, 109
000190.340, 108
000192.705, 80
000193.745, 95
000195.905, 129
000204.715, 101
000205.065, 99
000208.775, 93
000210.485, 148
000210.510, 139
000210.515, 133
000210.825, 164
000210.980, 150
000211.060, 161
000211.300, 146
000211.495, 126
000211.745, 129
000212.240, 127
000212.300, 146
000212.410, 126
000212.640, 138
000212.740, 121
000212.850, 155
000213.280, 145
000213.490, 118
000213.675, 116
000213.775, 140
000213.785, 113
000213.875, 111
000213.935, 115
000214.005, 124
000214.405, 114
000214.465, 130
000214.670, 120
000214.685, 141
000214.700, 145
000214.840, 101
000214.885, 111
000215.235, 133
000215.615, 96
000216.145, 104
000216.390, 120
000216.725, 109
000217.725, 116
000218.025, 95
000218.060, 94
000218.250, 88
000218.470, 118
000219.390, 88
000219.800, 107
000223.820, 127
000030.050, 148
000030.090, 100
000030.140, 68
000030.155, 86
000030.195, 67
000030.205, 63
000030.255, 78
000030.290, 102
000030.310, 60
000030.315, 59
000030.370, 112
000030.385, 103
000030.450, 72
000030.585, 99
000030.630, 111
000030.680, 123
000030.755, 139
000030.805, 94
000030.835, 116
000030.850, 83
000030.920, 123
000031.055, 101
000031.105, 84
000031.200, 132
000031.240, 113
000031.360, 82
000031.395, 109
000031.520, 121
000031.655, 81
000031.685, 88
000031.740, 115
000031.910, 109
000032.220, 98
000032.375, 110
000032.770, 95
000032.790, 97
000033.395, 136
000033.455, 135
000034.020, 117
000034.350, 112
000034.675, 95
000034.935, 99
000037.290, 163
000037.805, 111
000039.950, 121
000040.085, 115
000040.955, 110
000042.195, 142
000042.775, 94
000043.630, 105
000060.135, 132
000060.285, 116
000060.310, 132
000060.405, 107
000060.455, 131
000060.460, 80
000060.695, 142
000060.715, 151
000060.870, 149
000060.950, 131
000060.995, 138
000061.200, 139
000061.270, 151
000061.530, 137
000061.545, 122
000061.560, 121
000061.585, 142
000061.635, 119
000061.775, 112
000062.375, 113
000062.675, 102
000062.855, 96
000062.870, 108
000063.345, 120
000063.400, 121
000063.720, 102
000063.905, 119
000063.950, 125
000064.305, 94
000064.410, 110
000064.530, 92
000065.015, 133
000065.070, 129
000065.140, 121
000065.590, 97
000065.890, 111
000066.440, 142
000066.765, 145
000069.645, 98
000069.775, 97
000070.175, 114
000070.605, 130
000070.770, 84
000074.335, 93
000074.680, 112
000076.430, 99
000077.930, 89
000079.585, 76
000080.125, 96
000088.940, 82
000089.845, 78
000090.105, 87
000090.155, 114
000090.200, 113
000090.510, 116
000090.520, 113
000090.590, 134
000090.625, 135
000090.690, 142
000090.745, 134
000090.820, 109
000091.000, 106
000091.225, 145
000091.360, 137
000091.465, 122
000091.525, 103
000091.675, 112
000091.805, 112
000092.285, 126
000092.795, 127
000092.980, 146
000093.050, 130
000093.335, 124
000093.400, 140
000093.640, 141
000093.790, 134
000094.175, 123
000094.255, 119
000094.515, 140
000094.820, 145
000095.075, 115
000095.790, 111
000096.460, 115
000097.015, 110
000097.540, 131
000097.690, 115
000098.540, 116
000098.620, 107
000099.185, 100
000099.565, 141
000099.705, 129
000101.355, 99
000104.140, 105
000104.740, 87
000106.365, 93
000106.715, 109
000106.805, 91
000106.880, 91
000109.820, 109
000110.625, 95
000112.440, 103
000114.345, 87
000120.375, 131
000120.470, 147
000120.475, 142
000120.495, 128
000120.535, 128
000120.675, 144
000120.730, 123
000120.755, 119
000120.775, 116
000120.955, 122
000121.000, 154
000121.020, 108
000121.025, 106
000121.040, 106
000121.255, 134
000121.315, 133
000121.820, 127
000122.060, 112
000122.115, 109
000122.175, 105
000122.245, 119
000122.405, 127
000122.770, 139
000123.230, 137
000123.305, 143
000123.325, 113
000123.540, 134
000123.575, 99
000124.315, 109
000124.710, 102
000125.130, 114
000126.110, 107
000126.140, 107
000126.155, 111
000126.875, 126
000127.570, 123
000127.920, 108
000128.305, 98
000128.760, 115
000129.285, 92
000129.860, 85
000132.865, 95
000133.585, 122
000134.415, 126
000134.840, 99
000146.000, 89
000147.435, 99
000149.590, 103
000150.120, 94
000150.175, 95
000150.350, 119
000150.370, 125
000150.595, 126
000150.690, 111
000150.720, 110
000150.915, 145
000151.025, 132
000151.070, 141
000151.120, 99
000151.395, 142
000151.455, 101
000151.780, 134
000151.920, 148
000152.080, 155
000152.380, 131
000152.450, 136
000152.945, 132
000153.015, 129
000153.075, 113
000153.125, 138
000153.265, 113
000153.490, 121
000153.680, 108
000154.100, 118
000154.275, 98
000154.470, 106
000154.480, 138
000154.530, 94
000154.725, 139
000155.705, 108
000156.820, 96
000157.085, 129
000157.310, 110
000158.145, 123
000158.375, 106
000159.125, 104
000159.750, 111
000159.765, 91
000160.540, 88
000161.695, 129
000162.560, 108
000162.950, 136
000163.185, 105
000164.775, 91
000166.020, 87
000166.820, 90
000167.920, 81
000169.335, 100
000172.450, 86
000180.170, 147
000180.235, 138
000180.560, 137
000180.585, 126
000180.610, 117
000180.650, 134
000180.705, 128
000180.755, 135
000180.770, 132
000180.775, 151
000180.860, 159
000180.905, 117
000181.180, 161
000181.280, 124
000181.360, 119
000181.400, 100
000181.525, 102
000181.580, 103
000181.600, 122
000181.665, 95
000181.700, 130
000181.890, 141
000182.525, 126
000183.000, 119
000183.395, 107
000183.520, 132
000183.600, 141
000183.815, 142
000183.890, 147
000184.175, 106
000184.425, 106
000184.490, 104
000184.980, 113
000185.080, 108
000185.310, 116
000185.665, 118
000186.215, 121
000186.225, 105
000188.025, 127
000188.480, 103
000189.940, 110
000190.330, 129
000191.165, 104
000192.910, 101
000193.150, 84
000194.700, 90
000197.315, 90
000203.590, 85
000210.065, 64
000210.210, 166
000210.540, 110
000210.620, 107
000210.675, 116
000210.680, 130
000210.750, 126
000210.820, 119
000210.900, 142
000210.970, 110
000211.115, 120
000211.190, 107
000211.400, 156
000211.460, 130
000211.610, 106
000211.640, 105
000211.685, 115
000211.715, 132
000211.825, 151
000212.580, 143
000212.865, 112
000213.155, 115
000213.240, 140
000213.360, 151
000213.465, 108
000213.635, 125
000213.830, 115
000213.895, 145
000214.165, 123
000214.390, 102
000214.540, 115
000215.175, 115
000217.775, 119
000218.485, 115
000218.680, 114
000219.105, 111
000219.480, 103
000220.055, 123
000220.470, 121
000221.180, 115
000221.855, 118
000030.020, 81
000030.030, 116
000030.045, 58
000030.055, 57
000030.075, 96
000030.110, 30
000030.115, 80
000030.175, 101
000030.210, 73
000030.230, 55
000030.245, 128
000030.275, 91
000030.290, 90
000030.315, 110
000030.320, 72
000030.380, 79
000030.405, 76
000030.445, 72
000030.560, 84
000030.575, 106
000030.600, 119
000030.605, 114
000030.645, 119
000030.665, 129
000030.790, 80
000030.795, 59
000030.925, 85
000030.960, 82
000030.965, 44
000031.000, 102
000031.035, 78
000031.240, 115
000031.305, 55
000031.360, 92
000031.625, 61
000031.635, 58
000031.720, 63
000031.750, 108
000031.985, 111
000032.295, 114
000032.360, 111
000033.245, 114
000033.285, 121
000033.550, 107
000033.770, 111
000033.960, 132
000037.815, 129
000037.820, 98
000038.455, 129
000041.370, 111
000044.805, 110
000049.305, 115
000060.085, 106
000060.115, 97
000060.195, 104
000060.265, 144
000060.325, 168
000060.475, 131
000060.575, 127
000060.705, 124
000060.745, 125
000060.885, 122
000060.940, 111
000060.980, 102
000061.040, 107
000061.250, 107
000061.650, 120
000061.715, 113
000061.795, 110
000061.835, 129
000061.940, 100
000061.960, 96
000062.035, 95
000062.175, 121
000062.445, 110
000062.685, 123
000062.710, 124
000062.930, 105
000063.480, 114
000063.495, 112
000063.895, 110
000064.150, 108
000064.205, 103
000064.290, 133
000064.615, 126
000064.670, 135
000064.705, 113
000065.100, 143
000065.170, 128
000065.660, 114
000066.160, 110
000066.575, 114
000066.615, 108
000066.865, 106
000067.160, 112
000071.280, 113
000074.790, 101
000076.885, 103
000077.415, 86
000080.110, 112
000083.220, 97
000083.715, 91
000090.120, 110
000090.135, 115
000090.160, 105
000090.195, 102
000090.225, 134
000090.700, 142
000090.955, 121
000091.305, 114
000091.510, 112
000091.640, 135
000091.855, 136
000091.915, 148
000092.030, 112
000092.135, 129
000092.170, 152
000092.280, 142
000092.315, 121
000092.495, 136
000092.515, 107
000092.605, 123
000092.850, 123
000092.940, 144
000093.105, 99
000093.150, 94
000093.470, 109
000093.600, 136
000093.885, 94
000093.940, 137
000093.970, 106
000094.315, 138
000094.545, 116
000094.565, 148
000094.970, 120
000095.735, 94
000095.925, 119
000096.235, 105
000096.320, 97
000096.480, 94
000096.585, 110
000096.725, 96
000097.840, 102
000098.300, 102
000098.430, 85
000099.575, 125
000099.870, 94
000100.285, 95
000106.070, 104
000116.425, 102
000116.490, 97
000117.395, 96
000120.110, 111
000120.235, 104
000120.340, 121
000120.450, 104
000120.460, 100
000120.490, 116
000120.835, 120
000120.865, 136
000120.870, 103
000121.135, 103
000121.235, 116
000121.335, 112
000121.545, 99
000121.810, 132
000121.975, 135
000122.085, 147
000122.295, 129
000122.315, 124
000122.425, 131
000122.750, 148
000122.910, 130
000122.995, 130
000123.035, 99
000123.210, 120
000123.750, 126
000123.810, 90
000123.970, 100
000124.790, 130
000125.005, 123
000125.780, 125
000127.200, 107
000127.350, 97
000127.610, 99
000128.665, 103
000129.175, 112
000129.655, 93
000129.730, 108
000129.890, 90
000130.260, 94
000130.790, 102
000131.285, 96
000131.405, 87
000131.705, 133
000131.870, 127
000131.950, 80
000133.410, 107
000137.145, 86
000148.510, 96
000150.120, 123
000150.300, 114
000150.315, 132
000150.330, 110
000150.505, 143
000150.600, 116
000150.725, 156
000150.830, 102
000150.835, 144
000150.875, 158
000151.160, 160
000151.200, 129
000151.330, 146
000151.365, 133
000151.570, 97
000151.595, 93
000151.790, 119
000151.930, 104
000152.010, 94
000152.390, 130
000152.480, 124
000152.710, 121
000153.085, 113
000153.090, 112
000153.195, 134
000153.555, 112
000153.940, 106
000154.000, 96
000154.015, 122
000154.210, 88
000154.800, 131
000154.880, 120
000154.955, 113
000155.165, 132
000155.810, 107
000156.375, 107
000156.865, 104
000157.505, 110
000158.555, 126
000158.775, 111
000158.945, 121
000159.490, 96
000161.315, 94
000161.335, 113
000161.560, 86
000164.735, 80
000166.010, 113
000166.255, 107
000175.785, 88
000180.130, 106
000180.225, 76
000180.260, 88
000180.275, 138
000180.335, 149
000180.400, 120
000180.520, 156
000180.855, 120
000181.025, 125
000181.160, 153
000181.170, 143
000181.235, 136
000181.440, 119
000181.505, 124
000181.540, 119
000181.655, 129
000181.835, 159
000182.100, 126
000182.105, 129
000182.275, 110
000182.320, 109
000182.365, 106
000182.400, 105
000182.420, 105
000182.485, 132
000182.655, 129
000182.880, 124
000182.950, 116
000183.280, 100
000183.695, 110
000183.865, 138
000184.485, 103
000184.715, 120
000184.815, 116
000185.780, 134
000186.830, 120
000187.580, 136
000188.190, 124
000189.280, 112
000189.520, 95
000190.670, 113
000191.600, 100
000192.380, 101
000194.660, 115
000196.980, 91
000198.020, 105
000199.145, 89
000200.450, 84
000200.645, 83
000210.130, 86
000210.255, 115
000210.305, 114
000210.525, 122
000211.085, 132
000211.105, 121
000211.350, 109
000211.585, 108
000211.680, 126
000211.920, 126
000212.145, 124
000212.170, 113
000212.275, 132
000212.450, 141
000212.460, 140
000212.475, 110
000212.655, 142
000212.715, 107
000212.835, 108
000212.890, 143
000213.115, 101
000213.130, 104
000213.370, 115
000214.030, 101
000214.145, 94
000214.205, 93
000214.280, 139
000214.445, 155
000214.755, 152
000214.880, 138
000215.125, 140
000215.355, 98
000215.875, 82
000216.050, 79
000216.240, 103
000216.995, 88
000217.810, 101
000218.760, 121
000219.480, 112
000220.470, 115
000220.570, 99
000220.705, 102
000221.130, 87
000221.605, 73
000221.820, 81
000222.950, 88
000030.040, 61
000030.075, 64
000030.135, 70
000030.150, 78
000030.170, 102
000030.215, 105
000030.220, 94
000030.275, 92
000030.285, 69
000030.365, 98
000030.405, 108
000030.440, 107
000030.575, 117
000030.585, 133
000030.660, 107
000030.670, 90
000030.740, 97
000030.765, 77
000030.880, 80
000030.885, 72
000030.900, 68
000030.965, 87
000030.980, 67
000031.015, 91
000031.050, 66
000031.180, 65
000031.255, 77
000031.315, 70
000031.350, 65
000031.375, 89
000031.635, 85
000031.645, 85
000031.650, 109
000031.735, 83
000031.860, 111
000032.045, 83
000032.340, 93
000032.395, 90
000032.465, 72
000032.520, 120
000032.550, 98
000032.725, 100
000032.830, 91
000033.030, 125
000033.245, 87
000033.325, 96
000033.515, 95
000033.705, 132
000035.630, 120
000036.495, 103
000037.340, 108
000041.200, 99
000051.305, 114
000060.165, 132
000060.530, 124
000060.545, 125
000060.645, 119
000060.850, 117
000061.050, 132
000061.155, 126
000061.265, 102
000061.440, 106
000061.500, 146
000061.535, 148
000061.690, 150
000061.945, 100
000062.220, 121
000062.335, 107
000062.455, 130
000062.490, 101
000062.590, 110
000062.870, 93
000063.165, 109
000063.440, 130
000063.885, 129
000064.355, 120
000064.515, 138
000064.530, 120
000064.580, 113
000064.835, 108
000064.970, 98
000065.115, 100
000065.760, 115
000065.825, 113
000066.030, 113
000066.565, 121
000066.940, 100
000067.910, 106
000068.205, 88
000068.340, 99
000068.520, 116
000068.880, 108
000069.680, 102
000070.160, 92
000073.020, 110
000076.475, 86
000077.480, 90
000080.450, 104
000083.505, 122
000085.035, 110
000089.545, 111
000090.290, 146
000090.340, 120
000090.400, 117
000090.435, 127
000090.525, 114
000090.760, 98
000090.840, 107
000090.935, 128
000090.940, 128
000091.010, 140
000091.250, 120
000091.325, 146
000091.340, 117
000091.645, 104
000091.660, 136
000091.775, 147
000091.905, 127
000091.940, 147
000091.970, 125
000092.075, 150
000092.105, 116
000092.485, 136
000092.705, 122
000092.885, 116
000092.945, 116
000092.985, 118
000093.050, 122
000093.335, 96
000093.370, 90
000093.850, 131
000094.190, 105
000094.210, 104
000094.565, 114
000094.630, 111
000094.730, 102
000095.225, 97
000096.155, 116
000096.555, 128
000096.970, 124
000097.775, 107
000098.420, 88
000099.380, 97
000099.555, 77
000101.095, 108
000101.570, 113
000102.010, 95
000112.180, 101
000114.700, 103
000114.770, 97
000118.655, 107
000120.080, 136
000120.120, 128
000120.165, 107
000120.390, 121
000120.465, 141
000120.505, 99
000120.645, 122
000120.795, 128
000120.830, 95
000121.225, 104
000121.370, 140
000121.430, 123
000121.460, 112
000121.530, 125
000121.750, 107
000121.840, 104
000121.915, 115
000121.920, 95
000121.980, 127
000122.000, 146
000122.540, 142
000122.610, 138
000122.885, 140
000123.510, 146
000123.650, 126
000123.700, 119
000123.745, 117
000124.130, 109
000125.310, 110
000125.800, 112
000126.010, 120
000126.390, 125
000126.395, 125
000126.435, 122
000127.260, 115
000127.280, 92
000127.650, 115
000128.005, 114
000128.780, 114
000130.665, 90
000130.960, 127
000136.125, 107
000136.330, 128
000137.510, 103
000139.775, 100
000140.205, 98
000147.090, 105
000147.515, 80
000148.050, 75
000150.060, 111
000150.115, 90
000150.380, 108
000150.385, 97
000150.655, 139
000150.720, 114
000150.830, 142
000151.025, 111
000151.195, 132
000151.325, 127
000151.395, 143
000151.515, 143
000151.585, 131
000151.685, 136
000151.785, 135
000151.885, 116
000152.355, 121
000152.620, 113
000153.020, 125
000153.045, 117
000153.125, 112
000153.280, 106
000153.510, 123
000153.685, 116
000154.085, 112
000154.265, 109
000154.705, 129
000155.470, 117
000155.705, 112
000156.165, 116
000156.340, 110
000156.515, 133
000156.660, 130
000157.345, 109
000157.405, 100
000158.250, 118
000159.515, 122
000160.295, 106
000160.460, 103
000160.820, 102
000165.390, 109
000165.680, 119
000167.600, 108
000168.545, 86
000168.870, 97
000173.555, 85
000173.845, 101
000174.005, 77
000177.125, 100
000179.485, 104
000180.280, 114
000180.390, 111
000180.415, 117
000180.520, 106
000180.815, 108
000180.925, 101
000181.050, 112
000181.190, 92
000181.250, 140
000181.260, 92
000181.325, 140
000181.520, 140
000181.600, 132
000181.915, 125
000181.975, 115
000182.115, 137
000182.160, 135
000182.345, 129
000182.515, 120
000182.645, 116
000182.760, 117
000183.135, 113
000183.240, 106
000183.435, 124
000183.950, 125
000184.140, 135
000184.425, 124
000184.545, 115
000185.080, 109
000185.280, 102
000185.415, 101
000185.600, 116
000186.260, 118
000186.340, 120
000187.445, 107
000187.850, 103
000187.920, 116
000188.025, 123
000188.215, 104
000189.560, 139
000189.840, 154
000190.060, 87
000190.580, 100
000193.305, 97
000194.475, 99
000195.960, 96
000196.995, 113
000200.905, 96
000202.380, 92
000210.110, 134
000210.285, 142
000210.295, 117
000210.325, 104
000210.365, 114
000210.405, 142
000210.465, 134
000210.580, 120
000210.610, 111
000210.640, 102
000210.995, 102
000211.000, 138
000211.565, 125
000211.585, 119
000211.655, 120
000211.730, 133
000212.025, 121
000212.185, 116
000212.545, 122
000212.610, 126
000212.905, 108
000213.100, 117
000213.120, 119
000213.265, 118
000213.990, 105
000214.010, 102
000214.085, 101
000214.170, 109
000214.440, 135
000214.695, 105
000214.750, 132
000214.805, 106
000214.930, 129
000215.145, 103
000215.875, 135
000216.495, 130
000216.980, 112
000217.700, 127
000217.980, 113
000218.340, 119
000218.915, 101
000220.745, 99
000221.345, 103
000221.400, 89
000030.060, 63
000030.080, 104
000030.155, 75
000030.170, 71
000030.180, 85
000030.215, 76
000030.225, 60
000030.245, 102
000030.275, 106
000030.310, 101
000030.315, 124
000030.365, 112
000030.390, 99
000030.395, 82
000030.460, 105
000030.510, 80
000030.575, 96
000030.600, 95
000030.620, 113
000030.640, 126
000030.645, 82
000030.720, 74
000030.790, 86
000030.905, 91
000030.975, 99
000030.985, 91
000031.020, 67
000031.240, 87
000031.250, 91
000031.275, 99
000031.335, 96
000031.420, 105
000031.430, 110
000031.450, 80
000031.555, 99
000031.675, 107
000031.715, 72
000031.990, 116
000032.030, 116
000032.080, 120
000032.510, 113
000032.580, 99
000032.940, 97
000033.080, 91
000034.460, 96
000035.200, 88
000035.665, 122
000037.985, 130
000040.005, 99
000045.090, 116
000052.835, 115
000060.145, 177
000060.195, 170
000060.295, 99
000060.335, 113
000060.355, 135
000060.375, 129
000060.400, 106
000060.450, 110
000060.595, 106
000060.985, 133
000061.360, 116
000061.385, 141
000061.405, 112
000061.670, 151
000062.070, 142
000062.115, 142
000062.475, 157
000062.500, 132
000062.525, 129
000062.595, 122
000062.695, 158
000062.890, 133
000063.035, 120
000063.395, 139
000063.530, 115
000063.605, 112
000064.075, 114
000064.315, 117
000064.970, 128
000065.140, 107
000065.295, 87
000065.300, 89
000066.170, 98
000066.700, 95
000067.980, 119
000068.730, 109
000070.170, 97
000070.575, 98
000070.690, 106
000071.830, 129
000071.920, 99
000072.110, 138
000072.940, 89
000073.265, 104
000073.805, 101
000074.500, 92
000078.940, 98
000087.465, 76
000090.075, 143
000090.630, 147
000090.635, 140
000090.870, 134
000090.960, 135
000091.030, 134
000091.040, 138
000091.070, 128
000091.245, 117
000091.290, 114
000091.335, 113
000091.415, 126
000091.615, 112
000091.765, 126
000091.955, 129
000092.345, 134
000092.485, 111
000092.765, 139
000092.775, 111
000093.000, 124
000093.140, 126
000093.590, 109
000093.700, 100
000094.175, 147
000094.585, 146
000094.635, 118
000094.825, 120
000094.915, 134
000094.960, 112
000095.620, 144
000095.790, 131
000096.040, 107
000096.430, 130
000097.140, 100
000097.435, 118
000097.985, 87
000098.080, 108
000099.115, 97
000099.175, 88
000100.575, 115
000102.115, 99
000102.600, 114
000103.305, 100
000104.420, 89
000104.530, 87
000104.800, 84
000105.350, 115
000105.975, 119
000109.030, 108
000109.605, 75
000112.845, 87
000114.375, 88
000120.245, 82
000120.315, 135
000120.330, 104
000120.405, 104
000120.690, 130
000120.735, 144
000120.845, 149
000120.900, 123
000121.060, 143
000121.085, 114
000121.175, 106
000121.495, 152
000121.610, 120
000121.705, 133
000122.155, 134
000122.475, 158
000122.540, 158
000122.585, 133
000123.150, 130
000123.210, 126
000123.445, 124
000123.715, 119
000123.890, 114
000123.895, 131
000124.075, 112
000124.275, 108
000125.285, 108
000125.415, 107
000125.430, 121
000125.855, 104
000125.880, 98
000126.640, 103
000126.810, 97
000126.875, 119
000127.005, 120
000127.215, 105
000127.620, 123
000128.365, 123
000128.580, 111
000128.920, 129
000129.255, 116
000129.605, 96
000131.385, 134
000131.550, 81
000132.035, 109
000132.295, 99
000133.335, 91
000136.480, 86
000137.125, 95
000139.780, 93
000144.125, 88
000150.240, 85
000150.320, 121
000150.405, 113
000150.450, 139
000150.570, 134
000150.685, 133
000150.815, 162
000151.035, 139
000151.065, 111
000151.255, 102
000151.295, 146
000151.625, 141
000151.680, 137
000151.975, 123
000152.130, 130
000152.335, 154
000152.395, 144
000152.610, 138
000152.645, 142
000152.860, 137
000152.965, 118
000153.025, 157
000153.090, 109
000153.280, 160
000153.635, 107
000153.675, 127
000153.815, 135
000153.935, 107
000153.995, 109
000154.240, 95
000154.360, 104
000154.430, 94
000155.305, 123
000155.400, 115
000155.810, 135
000156.205, 111
000157.020, 123
000157.105, 130
000157.790, 115
000158.335, 114
000159.235, 106
000159.710, 89
000160.830, 107
000161.870, 106
000162.630, 98
000164.450, 94
000165.175, 101
000167.945, 84
000171.050, 85
000172.555, 93
000180.195, 117
000180.285, 140
000180.440, 111
000180.765, 143
000180.860, 122
000181.175, 113
000181.395, 105
000181.480, 121
000181.485, 132
000181.900, 133
000182.090, 143
000182.405, 144
000182.465, 119
000182.480, 110
000182.550, 108
000182.595, 104
000182.760, 100
000182.915, 110
000183.040, 113
000183.425, 109
000183.535, 124
000183.940, 112
000184.120, 114
000184.255, 105
000184.375, 116
000185.325, 132
000185.470, 105
000185.785, 144
000185.975, 135
000187.025, 109
000187.185, 109
000187.615, 107
000189.585, 125
000190.980, 131
000191.050, 121
000192.030, 103
000192.095, 77
000192.945, 118
000193.680, 110
000197.530, 113
000198.085, 101
000199.130, 100
000199.815, 107
000200.250, 102
000203.150, 102
000203.860, 105
000207.035, 93
000208.355, 104
000209.040, 85
000210.200, 104
000210.235, 100
000210.300, 112
000210.460, 127
000210.535, 108
000210.560, 105
000210.575, 144
000210.605, 110
000210.630, 144
000210.715, 159
000210.720, 112
000210.845, 158
000210.850, 126
000210.900, 109
000210.940, 119
000211.055, 123
000211.115, 140
000211.120, 116
000211.380, 113
000211.630, 142
000211.720, 124
000211.810, 122
000212.050, 138
000212.070, 101
000212.260, 117
000212.300, 114
000212.415, 104
000212.865, 116
000213.020, 127
000213.130, 114
000213.605, 105
000213.930, 126
000213.945, 129
000213.995, 95
000214.290, 127
000214.825, 114
000215.005, 102
000215.200, 128
000215.795, 115
000216.480, 101
000218.375, 107
000218.540, 102
000219.450, 99
000030.070, 90
000030.105, 92
000030.135, 97
000030.145, 89
000030.185, 66
000030.310, 121
000030.375, 111
000030.380, 102
000030.395, 102
000030.430, 78
000030.510, 116
000030.545, 115
000030.550, 87
000030.565, 126
000030.610, 90
000030.650, 138
000030.730, 135
000030.750, 129
000030.865, 108
000030.895, 119
000030.975, 100
000031.085, 112
000031.150, 122
000031.180, 94
000031.200, 124
000031.285, 88
000031.320, 86
000031.335, 86
000031.390, 76
000031.540, 72
000031.665, 68
000031.710, 83
000031.840, 90
000031.845, 89
000032.475, 97
000032.500, 92
000032.615, 101
000032.905, 118
000033.100, 89
000033.315, 87
000033.505, 116
000033.670, 134
000034.525, 112
000035.200, 103
000037.000, 102
000038.330, 111
000041.215, 97
000042.360, 128
000045.405, 109
000046.735, 82
000046.960, 79
000050.640, 112
000053.435, 102
000060.080, 139
000060.235, 147
000060.245, 133
000060.480, 152
000060.485, 125
000060.645, 131
000060.720, 124
000061.250, 115
000061.405, 114
000061.555, 109
000061.580, 108
000061.615, 122
000061.715, 143
000062.050, 107
000062.540, 110
000062.650, 106
000062.775, 120
000063.120, 113
000063.590, 117
000063.725, 105
000063.780, 114
000063.815, 89
000064.865, 105
000065.315, 131
000065.500, 132
000065.530, 137
000065.580, 100
000066.110, 132
000066.120, 136
000066.455, 132
000066.580, 118
000066.850, 100
000068.495, 136
000068.545, 112
000069.645, 120
000070.065, 142
000070.370, 109
000070.480, 100
000071.265, 109
000071.465, 97
000071.705, 86
000073.835, 111
000074.030, 84
000075.380, 90
000076.400, 89
000077.480, 95
000078.140, 106
000078.520, 98
000090.080, 69
000090.320, 132
000090.335, 115
000090.370, 115
000090.465, 95
000090.775, 141
000090.820, 130
000090.955, 121
000090.985, 134
000091.320, 117
000091.660, 131
000091.680, 115
000091.765, 123
000092.055, 135
000092.090, 136
000092.180, 142
000092.255, 126
000092.270, 121
000092.575, 120
000092.685, 112
000093.005, 120
000093.025, 110
000093.065, 121
000093.360, 109
000094.235, 96
000094.715, 112
000094.830, 109
000095.475, 144
000095.480, 114
000095.835, 113
000096.010, 155
000096.550, 123
000097.160, 113
000097.310, 114
000097.505, 121
000097.615, 150
000098.455, 136
000100.520, 107
000100.700, 105
000101.735, 103
000102.265, 107
000102.290, 104
000102.955, 96
000104.970, 109
000108.205, 103
000111.145, 117
000112.990, 97
000116.560, 117
000120.190, 155
000120.485, 157
000120.515, 136
000120.720, 142
000120.865, 140
000120.890, 133
000120.975, 123
000121.210, 122
000121.220, 113
000121.440, 112
000121.485, 134
000121.595, 139
000121.615, 150
000121.705, 112
000121.920, 148
000122.320, 158
000122.330, 146
000122.410, 100
000122.735, 112
000123.085, 111
000123.145, 114
000123.170, 108
000123.350, 100
000123.500, 106
000123.615, 110
000123.845, 107
000123.935, 100
000124.105, 126
000124.235, 122
000124.660, 108
000124.665, 99
000124.705, 98
000125.710, 116
000127.465, 126
000127.470, 121
000127.690, 110
000127.975, 144
000128.295, 103
000128.415, 154
000128.675, 102
000128.980, 98
000130.890, 112
000131.790, 109
000133.095, 112
000133.325, 126
000135.050, 92
000136.400, 89
000138.095, 81
000140.315, 138
000142.195, 96
000143.165, 91
000143.345, 90
000149.795, 109
000150.125, 118
000150.220, 115
000150.395, 102
000150.545, 128
000150.570, 121
000150.580, 106
000150.625, 104
000150.855, 115
000150.860, 99
000150.925, 151
000151.110, 128
000151.175, 117
000151.265, 124
000151.330, 124
000151.625, 125
000151.835, 116
000151.945, 100
000152.005, 145
000152.090, 113
000152.255, 113
000152.850, 106
000153.025, 115
000153.485, 124
000153.730, 115
000153.935, 100
000154.000, 135
000154.310, 98
000154.805, 133
000155.055, 133
000155.140, 91
000156.710, 104
000156.975, 108
000157.305, 138
000157.365, 78
000157.370, 73
000157.600, 93
000158.570, 123
000160.265, 122
000162.285, 112
000163.160, 108
000163.255, 102
000164.030, 91
000165.220, 116
000166.960, 100
000172.665, 128
000173.460, 95
000175.375, 112
000176.055, 92
000176.735, 104
000180.080, 138
000180.090, 144
000180.250, 118
000180.300, 106
000180.390, 115
000180.505, 114
000180.620, 119
000180.770, 134
000180.870, 158
000180.890, 135
000181.115, 175
000181.280, 123
000181.360, 114
000181.400, 108
000181.555, 130
000181.715, 113
000181.855, 105
000182.015, 114
000182.025, 99
000182.070, 95
000182.230, 122
000182.240, 94
000182.460, 121
000182.935, 127
000183.215, 114
000183.445, 122
000183.525, 132
000183.735, 99
000183.745, 98
000183.920, 132
000184.040, 130
000184.290, 135
000184.555, 117
000184.630, 114
000185.065, 130
000185.180, 88
000185.400, 98
000185.430, 86
000186.075, 117
000187.370, 118
000188.580, 96
000188.585, 112
000189.860, 108
000190.965, 120
000192.245, 98
000196.435, 109
000204.115, 91
000206.965, 100
000207.470, 97
000207.480, 84
000210.145, 139
000210.200, 130
000210.260, 105
000210.340, 111
000210.365, 83
000210.385, 131
000210.395, 110
000210.450, 136
000210.545, 143
000210.730, 114
000210.755, 123
000210.805, 130
000210.875, 121
000211.485, 131
000211.785, 113
000211.855, 147
000211.860, 149
000212.055, 126
000212.065, 125
000212.265, 139
000212.390, 133
000212.520, 133
000212.660, 120
000213.060, 158
000213.100, 128
000213.475, 129
000213.655, 124
000213.740, 129
000214.765, 129
000214.790, 128
000215.380, 122
000215.975, 130
000216.125, 127
000216.335, 89
000216.555, 113
000217.170, 112
000217.180, 107
000217.750, 96
000218.015, 104
000218.375, 92
000218.490, 87
000218.540, 83
000218.885, 90
000219.425, 104
000220.215, 107
000221.655, 105
000222.225, 96
000224.830, 102
000030.010, 92
000030.085, 91
000030.125, 61
000030.130, 92
000030.135, 106
000030.150, 73
000030.180, 59
000030.190, 78
000030.220, 108
000030.310, 100
000030.325, 89
000030.370, 68
000030.385, 94
000030.455, 73
000030.465, 74
000030.475, 62
000030.575, 100
000030.600, 122
000030.670, 112
000030.740, 112
000030.775, 119
000030.780, 105
000030.790, 96
000030.815, 82
000030.955, 95
000030.995, 130
000031.000, 92
000031.055, 132
000031.120, 113
000031.175, 94
000031.210, 128
000031.215, 141
000031.265, 86
000031.270, 86
000031.405, 85
000031.415, 88
000031.600, 124
000031.620, 111
000031.700, 143
000031.730, 79
000031.950, 97
000032.155, 135
000032.265, 108
000033.675, 94
000034.620, 118
000035.315, 85
000036.730, 114
000039.145, 122
000039.525, 123
000041.760, 95
000044.005, 113
000046.805, 89
000047.910, 87
000050.125, 85
000051.195, 96
000060.200, 99
000060.225, 98
000060.345, 105
000060.440, 121
000060.660, 116
000060.725, 113
000060.785, 116
000060.945, 115
000061.050, 118
000061.110, 112
000061.165, 110
000061.320, 155
000061.495, 133
000061.550, 118
000061.585, 124
000061.800, 115
000061.855, 127
000062.005, 118
000062.030, 107
000062.145, 107
000062.195, 129
000062.440, 96
000062.630, 131
000062.900, 156
000063.130, 102
000063.190, 109
000063.470, 106
000063.610, 114
000063.780, 109
000064.030, 124
000064.190, 117
000064.295, 117
000064.525, 103
000065.445, 107
000065.550, 106
000065.820, 130
000065.840, 105
000066.370, 112
000067.340, 103
000067.815, 101
000068.090, 99
000070.650, 141
000071.130, 105
000072.705, 102
000073.070, 109
000073.350, 89
000078.945, 90
000082.165, 95
000086.285, 102
000090.145, 68
000090.205, 86
000090.220, 64
000090.245, 106
000090.290, 140
000090.460, 126
000090.510, 123
000090.525, 97
000090.545, 124
000090.760, 108
000090.835, 106
000090.930, 125
000091.095, 127
000091.230, 122
000091.360, 130
000091.635, 132
000091.985, 132
000092.100, 130
000092.155, 138
000092.260, 130
000092.415, 123
000092.665, 122
000092.840, 131
000092.880, 141
000093.785, 118
000094.030, 102
000094.265, 109
000094.685, 100
000094.905, 116
000095.175, 121
000095.375, 81
000095.505, 147
000095.915, 104
000097.945, 112
000098.265, 125
000098.615, 109
000098.710, 103
000098.735, 102
000099.320, 122
000099.355, 128
000100.040, 92
000101.105, 108
000101.120, 104
000101.305, 82
000102.895, 97
000104.305, 98
000104.655, 106
000105.515, 96
000111.245, 101
000118.120, 96
000120.045, 61
000120.165, 133
000120.325, 129
000120.330, 108
000120.445, 122
000120.490, 121
000120.565, 148
000120.655, 125
000120.805, 136
000120.920, 156
000121.520, 139
000121.570, 144
000121.635, 130
000121.700, 132
000121.790, 109
000121.975, 109
000121.980, 108
000121.990, 104
000122.100, 95
000122.235, 94
000122.270, 90
000122.340, 132
000122.360, 134
000122.455, 86
000122.620, 134
000122.680, 89
000122.720, 84
000122.890, 130
000123.515, 141
000123.800, 141
000124.345, 102
000124.635, 118
000124.975, 142
000125.135, 137
000125.265, 96
000126.985, 112
000127.380, 116
000128.185, 106
000128.890, 134
000129.090, 101
000129.415, 111
000129.650, 112
000130.650, 88
000130.970, 90
000131.320, 99
000133.445, 116
000134.970, 99
000136.780, 85
000138.660, 98
000140.810, 102
000150.255, 111
000150.270, 103
000150.335, 138
000150.510, 139
000150.575, 122
000150.900, 127
000150.960, 123
000150.965, 112
000151.075, 110
000151.230, 125
000151.290, 107
000151.390, 108
000151.685, 136
000151.745, 104
000151.860, 137
000152.040, 138
000152.740, 141
000152.945, 134
000153.130, 141
000153.280, 103
000153.505, 118
000153.735, 98
000154.065, 97
000154.255, 140
000154.285, 88
000154.590, 122
000154.625, 116
000155.045, 114
000155.210, 149
000156.395, 115
000156.665, 120
000156.750, 111
000156.755, 109
000157.910, 105
000158.665, 127
000159.440, 94
000159.920, 114
000160.470, 99
000160.485, 95
000160.535, 156
000160.760, 111
000161.085, 102
000161.830, 122
000162.175, 99
000162.445, 91
000162.650, 90
000163.705, 91
000165.955, 85
000167.120, 97
000168.150, 92
000168.575, 88
000171.030, 85
000180.175, 93
000180.195, 110
000180.290, 135
000180.575, 103
000180.830, 148
000180.900, 137
000181.055, 105
000181.060, 96
000181.360, 155
000181.470, 144
000181.535, 142
000181.550, 131
000181.855, 132
000182.010, 143
000182.400, 127
000182.485, 127
000182.640, 117
000182.675, 124
000182.840, 109
000183.025, 117
000183.370, 122
000183.440, 131
000183.560, 140
000183.615, 142
000183.720, 110
000183.930, 106
000184.120, 116
000184.255, 118
000184.765, 105
000185.290, 119
000185.345, 121
000185.435, 130
000186.045, 134
000186.265, 111
000186.460, 159
000186.580, 123
000187.315, 103
000187.320, 84
000187.675, 79
000187.795, 134
000188.480, 93
000188.910, 118
000191.580, 93
000192.055, 100
000192.060, 99
000192.650, 104
000194.785, 89
000194.825, 81
000196.010, 87
000202.160, 106
000204.505, 96
000204.875, 86
000210.090, 155
000210.125, 129
000210.440, 126
000210.455, 144
000210.505, 156
000210.570, 115
000210.670, 100
000210.675, 90
000210.770, 89
000210.785, 92
000210.870, 131
000211.065, 126
000211.180, 125
000211.635, 126
000211.925, 123
000212.000, 121
000212.055, 116
000212.065, 113
000212.575, 104
000212.715, 109
000212.765, 110
000212.780, 99
000212.860, 127
000213.115, 144
000213.125, 142
000213.175, 109
000213.410, 99
000213.960, 120
000213.970, 113
000214.590, 123
000215.010, 113
000215.245, 110
000215.565, 118
000215.995, 108
000217.205, 108
000217.765, 133
000217.990, 106
000219.505, 107
000220.455, 110
000220.820, 120
000222.575, 102
000030.030, 84
000030.040, 111
000030.060, 100
000030.080, 114
000030.090, 79
000030.210, 94
000030.235, 87
000030.300, 76
000030.310, 88
000030.345, 74
000030.365, 75
000030.430, 101
000030.455, 97
000030.480, 107
000030.520, 131
000030.550, 135
000030.560, 115
000030.585, 102
000030.650, 88
000030.745, 80
000030.750, 79
000030.755, 70
000030.940, 73
000030.970, 95
000031.000, 82
000031.015, 70
000031.080, 99
000031.190, 99
000031.400, 105
000031.410, 102
000031.495, 102
000031.550, 102
000031.775, 86
000031.830, 94
000031.890, 82
000031.905, 80
000032.095, 76
000032.125, 75
000032.150, 98
000032.260, 94
000032.365, 93
000032.615, 108
000032.790, 114
000033.300, 117
000033.685, 128
000033.975, 139
000034.105, 123
000034.245, 116
000034.445, 68
000038.260, 128
000038.365, 127
000038.680, 135
000042.400, 163
000043.530, 100
000045.005, 127
000053.445, 84
000060.060, 136
000060.080, 91
000060.455, 112
000060.480, 108
000060.485, 123
000060.650, 114
000060.710, 106
000060.885, 135
000060.905, 108
000061.560, 145
000061.735, 126
000061.830, 144
000062.100, 130
000062.300, 132
000062.430, 118
000062.475, 129
000062.560, 133
000062.635, 134
000063.005, 107
000063.665, 123
000063.705, 127
000063.770, 127
000064.135, 112
000065.235, 116
000065.305, 104
000065.415, 123
000065.560, 118
000065.865, 119
000066.080, 99
000066.250, 104
000066.445, 105
000066.450, 95
000066.495, 121
000066.790, 101
000067.605, 118
000067.670, 118
000067.680, 99
000067.710, 98
000068.200, 105
000069.110, 102
000069.300, 87
000070.515, 108
000070.845, 108
000072.945, 118
000073.410, 96
000074.060, 129
000074.185, 87
000079.945, 100
000082.830, 126
000083.380, 96
000090.030, 94
000090.230, 133
000090.765, 120
000090.985, 125
000091.170, 150
000091.300, 138
000091.415, 125
000091.505, 118
000091.510, 113
000091.530, 121
000091.900, 151
000092.080, 157
000092.400, 166
000092.525, 142
000092.710, 126
000092.960, 135
000093.155, 124
000093.205, 111
000093.670, 116
000093.680, 110
000093.800, 134
000093.960, 139
000094.335, 133
000094.725, 138
000094.750, 140
000095.335, 130
000095.570, 148
000095.635, 100
000095.960, 123
000096.035, 97
000096.110, 133
000096.475, 128
000097.180, 123
000097.225, 163
000097.305, 94
000097.905, 94
000097.970, 90
000098.155, 97
000099.355, 111
000100.280, 102
000101.525, 96
000102.210, 108
000102.590, 112
000103.880, 99
000104.140, 117
000108.825, 96
000110.205, 92
000114.830, 76
000120.300, 115
000120.305, 121
000120.405, 125
000120.745, 142
000121.050, 138
000121.340, 130
000121.410, 130
000121.450, 129
000121.605, 135
000121.625, 144
000121.705, 145
000121.840, 138
000122.075, 125
000122.095, 120
000122.140, 118
000122.190, 129
000122.455, 138
000122.680, 131
000123.140, 130
000123.295, 116
000123.355, 111
000123.505, 130
000123.690, 120
000123.875, 118
000123.965, 131
000124.735, 124
000124.925, 116
000125.420, 110
000126.195, 118
000126.420, 123
000126.660, 122
000126.700, 95
000126.810, 110
000126.955, 94
000127.145, 134
000128.505, 102
000128.990, 101
000129.525, 98
000129.695, 90
000130.950, 110
000131.350, 81
000133.030, 99
000133.970, 91
000134.870, 117
000138.285, 101
000140.645, 81
000145.015, 88
000148.795, 118
000150.055, 134
000150.260, 112
000150.270, 85
000150.420, 110
000150.590, 144
000150.680, 119
000150.830, 133
000151.015, 126
000151.115, 120
000151.140, 112
000151.190, 105
000151.210, 104
000151.355, 123
000151.565, 146
000151.590, 138
000151.725, 146
000152.305, 130
000152.565, 128
000152.670, 126
000152.920, 157
000152.970, 133
000153.045, 121
000153.060, 119
000153.200, 107
000153.465, 116
000153.885, 108
000154.280, 136
000154.310, 115
000154.490, 94
000154.815, 91
000154.865, 89
000154.970, 108
000155.035, 140
000155.610, 144
000156.280, 138
000157.025, 106
000157.475, 87
000157.645, 104
000157.815, 106
000157.930, 100
000158.560, 94
000158.720, 121
000162.475, 102
000163.375, 107
000164.395, 88
000166.480, 83
000168.050, 105
000169.220, 94
000170.815, 96
000174.195, 107
000180.255, 137
000180.295, 123
000180.515, 135
000180.645, 127
000180.695, 129
000181.210, 126
000181.275, 120
000181.635, 133
000181.685, 136
000181.690, 118
000181.740, 139
000181.965, 110
000182.020, 109
000182.160, 100
000182.295, 115
000182.305, 127
000182.700, 141
000182.820, 113
000182.840, 160
000182.945, 163
000183.190, 137
000183.520, 169
000183.880, 140
000183.900, 128
000183.925, 122
000184.495, 138
000184.560, 132
000184.845, 125
000185.135, 116
000185.305, 106
000185.325, 104
000185.555, 121
000185.800, 136
000186.470, 123
000186.570, 136
000187.070, 137
000187.280, 130
000187.510, 106
000188.010, 99
000188.330, 94
000188.420, 79
000188.845, 88
000189.695, 103
000191.165, 96
000191.555, 88
000193.360, 110
000196.550, 95
000197.370, 101
000198.425, 93
000199.395, 97
000210.170, 131
000210.555, 109
000210.635, 112
000210.990, 149
000211.270, 152
000211.345, 166
000211.550, 133
000211.560, 132
000211.570, 128
000211.635, 120
000211.800, 108
000211.930, 134
000212.120, 129
000212.235, 156
000212.335, 127
000212.720, 150
000212.990, 142
000213.010, 142
000213.390, 122
000213.460, 116
000213.585, 158
000213.700, 106
000213.825, 104
000214.125, 102
000214.165, 105
000214.420, 129
000214.430, 99
000214.545, 133
000214.570, 98
000215.010, 140
000215.035, 130
000215.175, 138
000215.385, 124
000215.445, 106
000215.475, 100
000215.835, 92
000216.460, 128
000217.370, 132
000218.750, 117
000219.140, 115
000219.790, 120
000220.210, 99
000222.565, 107
000223.645, 109
000223.995, 96
000030.040, 66
000030.080, 101
000030.090, 89
000030.170, 105
000030.180, 112
000030.225, 108
000030.250, 120
000030.275, 77
000030.345, 87
000030.370, 76
000030.405, 99
000030.455, 81
000030.460, 88
000030.490, 102
000030.510, 112
000030.545, 69
000030.580, 95
000030.585, 68
000030.610, 67
000030.700, 85
000030.720, 100
000030.730, 78
000030.855, 104
000030.945, 77
000030.950, 124
000030.955, 75
000030.985, 112
000030.995, 68
000031.155, 86
000031.235, 76
000031.320, 75
000031.370, 67
000031.450, 104
000031.465, 125
000031.505, 98
000031.695, 84
000032.065, 108
000032.355, 105
000032.440, 106
000032.530, 123
000032.850, 107
000032.900, 98
000033.740, 117
000034.200, 136
000034.360, 132
000035.075, 143
000035.715, 119
000038.015, 131
000038.125, 130
000039.140, 91
000047.360, 108
000047.725, 89
000049.820, 123
000058.270, 107
000060.130, 106
000060.215, 132
000060.240, 87
000060.345, 118
000060.510, 93
000060.545, 130
000060.580, 119
000060.670, 84
000060.770, 145
000061.090, 145
000061.110, 127
000061.145, 118
000061.270, 113
000061.455, 117
000061.560, 119
000061.655, 122
000061.760, 122
000061.855, 168
000061.865, 154
000061.925, 134
000062.100, 132
000062.145, 117
000062.280, 106
000062.315, 150
000063.460, 126
000063.535, 125
000063.580, 105
000063.920, 139
000064.335, 138
000064.720, 130
000065.090, 107
000065.255, 99
000065.490, 93
000065.825, 102
000065.955, 90
000066.315, 100
000066.805, 101
000067.640, 127
000067.985, 147
000068.750, 151
000069.445, 117
000069.645, 98
000072.045, 125
000073.800, 98
000077.835, 102
000077.955, 86
000078.070, 110
000080.220, 77
000080.940, 112
000082.785, 111
000086.665, 85
000089.495, 82
000090.045, 84
000090.070, 123
000090.115, 59
000090.125, 65
000090.295, 97
000090.320, 80
000090.435, 94
000090.495, 119
000090.500, 114
000090.545, 121
000090.795, 113
000091.065, 129
000091.085, 133
000091.345, 109
000091.705, 120
000091.740, 141
000091.825, 128
000091.835, 114
000092.125, 112
000092.170, 105
000092.240, 105
000092.315, 113
000092.520, 108
000092.580, 105
000092.710, 101
000092.755, 103
000092.960, 103
000093.130, 102
000093.290, 125
000093.415, 135
000093.720, 104
000093.780, 113
000094.310, 101
000094.400, 126
000094.495, 133
000094.705, 131
000094.890, 145
000095.420, 124
000096.030, 117
000097.820, 132
000098.260, 109
000098.790, 120
000100.210, 122
000100.340, 118
000100.680, 92
000102.095, 100
000104.350, 107
000108.355, 88
000109.560, 77
000110.495, 77
000114.855, 109
000120.130, 83
000120.565, 125
000120.590, 154
000120.760, 131
000120.770, 149
000120.890, 136
000120.980, 153
000121.210, 159
000121.290, 146
000121.345, 139
000121.400, 131
000121.565, 116
000121.625, 125
000122.080, 130
000122.175, 125
000122.200, 124
000122.420, 122
000122.555, 140
000122.665, 141
000122.675, 153
000122.745, 122
000122.805, 162
000122.875, 121
000123.065, 143
000123.530, 137
000123.585, 167
000123.600, 126
000123.675, 119
000124.165, 120
000124.315, 131
000124.355, 113
000124.445, 105
000125.255, 111
000125.425, 114
000126.410, 105
000127.285, 118
000128.140, 115
000129.140, 95
000129.765, 112
000130.385, 92
000130.435, 119
000136.190, 101
000136.630, 95
000136.680, 90
000137.550, 93
000138.180, 89
000139.440, 93
000140.835, 94
000143.635, 87
000150.155, 126
000150.260, 107
000150.270, 88
000150.345, 110
000150.375, 87
000150.410, 113
000150.430, 84
000150.605, 100
000150.940, 120
000151.040, 132
000151.245, 119
000151.420, 133
000151.470, 125
000151.490, 138
000151.505, 115
000151.570, 89
000151.620, 143
000151.780, 103
000151.840, 97
000152.150, 111
000152.220, 104
000152.280, 125
000152.770, 114
000153.145, 121
000153.630, 126
000154.180, 128
000154.380, 122
000154.455, 118
000154.645, 114
000154.825, 91
000154.860, 96
000155.170, 110
000155.400, 105
000155.630, 96
000155.965, 99
000156.180, 135
000156.925, 123
000157.630, 128
000159.430, 115
000159.775, 101
000160.810, 105
000162.025, 106
000162.430, 101
000162.695, 90
000162.745, 84
000166.995, 97
000171.195, 126
000173.505, 101
000177.155, 98
000179.570, 94
000180.330, 127
000180.350, 125
000180.425, 127
000180.655, 143
000180.685, 115
000180.785, 113
000181.090, 133
000181.105, 127
000181.200, 124
000181.290, 135
000181.305, 115
000181.335, 143
000181.605, 123
000181.825, 120
000181.905, 125
000181.970, 144
000182.205, 119
000182.565, 142
000182.805, 133
000183.515, 118
000183.610, 122
000184.100, 127
000184.285, 111
000184.295, 98
000184.980, 110
000185.270, 124
000185.730, 142
000186.265, 119
000186.280, 118
000186.475, 116
000187.005, 114
000187.420, 131
000187.505, 108
000187.690, 94
000188.785, 118
000189.470, 117
000190.850, 127
000191.250, 122
000191.755, 97
000193.140, 102
000193.710, 125
000194.100, 90
000196.735, 99
000196.985, 98
000203.595, 106
000203.935, 99
000204.365, 97
000208.645, 83
000210.260, 94
000210.305, 117
000210.395, 117
000210.510, 115
000210.640, 109
000210.855, 117
000210.860, 125
000211.075, 130
000211.390, 126
000211.460, 137
000211.625, 125
000211.965, 127
000212.035, 115
000212.195, 142
000212.385, 121
000212.585, 134
000212.710, 118
000212.765, 144
000212.950, 148
000212.995, 108
000213.015, 99
000213.050, 111
000213.445, 159
000213.510, 143
000213.655, 131
000214.165, 128
000214.280, 124
000214.545, 104
000214.740, 119
000214.780, 124
000215.140, 128
000215.280, 124
000215.525, 110
000216.565, 110
000216.835, 109
000217.195, 110
000217.730, 100
000218.430, 100
000220.115, 103
000222.765, 105
000223.370, 76
000224.680, 96
000030.025, 82
000030.050, 22
000030.080, 100
000030.110, 81
000030.130, 103
000030.150, 128
000030.180, 77
000030.220, 110
000030.245, 67
000030.290, 64
000030.315, 111
000030.370, 98
000030.455, 119
000030.475, 113
000030.485, 104
000030.500, 85
000030.570, 84
000030.605, 71
000030.640, 91
000030.645, 91
000030.655, 82
000030.705, 106
000030.730, 95
000030.765, 109
000030.825, 96
000031.200, 79
000031.315, 90
000031.495, 94
000031.570, 76
000031.675, 74
000031.880, 114
000032.145, 119
000032.240, 108
000032.330, 124
000032.390, 107
000032.415, 131
000032.620, 104
000032.865, 101
000033.135, 122
000033.200, 93
000034.165, 101
000034.435, 103
000034.565, 128
000034.850, 125
000036.130, 114
000038.975, 118
000043.040, 107
000043.980, 92
000044.150, 109
000047.865, 106
000060.095, 104
000060.265, 137
000060.365, 108
000060.535, 116
000060.760, 101
000060.830, 126
000060.910, 110
000060.990, 104
000061.125, 114
000061.130, 100
000061.390, 138
000061.430, 94
000061.750, 125
000061.930, 119
000062.055, 138
000062.155, 102
000062.185, 123
000062.610, 115
000062.735, 112
000062.865, 108
000063.125, 104
000063.365, 137
000063.465, 140
000063.620, 118
000063.885, 118
000064.140, 113
000064.290, 104
000064.420, 103
000064.970, 138
000065.015, 123
000065.020, 152
000065.465, 128
000066.035, 106
000066.060, 105
000066.990, 103
000067.195, 125
000067.735, 120
000068.575, 96
000069.455, 113
000069.710, 102
000070.120, 111
000070.405, 100
000070.585, 95
000072.425, 100
000073.200, 94
000073.410, 91
000075.925, 130
000076.565, 71
000082.565, 92
000088.010, 101
000090.200, 122
000090.240, 124
000090.255, 106
000090.275, 102
000090.460, 134
000090.550, 149
000090.770, 132
000091.040, 130
000091.140, 120
000091.185, 112
000091.580, 131
000091.935, 109
000092.155, 136
000092.185, 132
000092.405, 117
000092.480, 154
000092.510, 106
000092.560, 130
000092.675, 127
000092.690, 96
000092.780, 130
000092.845, 107
000092.990, 103
000093.125, 91
000093.420, 149
000093.625, 119
000093.800, 156
000094.090, 147
000094.335, 127
000094.820, 125
000095.235, 117
000095.345, 111
000095.515, 103
000095.820, 125
000096.050, 126
000096.920, 110
000097.185, 122
000098.005, 101
000098.015, 127
000098.945, 103
000099.125, 92
000099.165, 89
000103.190, 104
000103.595, 115
000105.580, 97
000107.825, 92
000108.650, 99
000112.850, 92
000120.100, 102
000120.165, 100
000120.180, 109
000120.200, 115
000120.205, 97
000120.325, 109
000120.435, 142
000120.750, 154
000120.830, 122
000120.865, 120
000121.080, 147
000121.115, 119
000121.260, 123
000121.650, 118
000121.750, 118
000122.100, 134
000122.210, 117
000122.240, 117
000122.325, 124
000122.360, 117
000122.725, 114
000122.975, 107
000123.810, 109
000123.845, 105
000123.920, 120
000124.120, 125
000124.160, 102
000125.005, 119
000125.070, 139
000125.475, 140
000125.915, 101
000126.450, 99
000126.895, 125
000127.205, 96
000127.970, 103
000129.505, 124
000129.605, 99
000130.475, 110
000131.175, 120
000131.320, 101
000134.380, 114
000135.225, 127
000135.500, 101
000138.225, 110
000142.015, 76
000143.085, 91
000150.510, 156
000150.555, 147
000150.605, 150
000150.615, 149
000150.655, 145
000150.670, 156
000150.765, 161
000150.810, 118
000150.895, 111
000150.900, 110
000151.040, 108
000151.085, 107
000151.320, 114
000151.600, 115
000151.715, 152
000151.840, 151
000152.240, 128
000152.395, 119
000152.580, 132
000152.860, 124
000153.250, 138
000153.415, 160
000153.590, 112
000153.660, 122
000153.940, 123
000154.060, 108
000154.595, 132
000155.115, 114
000155.465, 135
000155.830, 107
000156.470, 117
000156.480, 108
000156.485, 103
000156.795, 109
000156.820, 104
000157.225, 116
000157.330, 85
000157.525, 85
000157.680, 94
000159.275, 129
000160.070, 105
000160.705, 82
000161.505, 82
000162.440, 97
000164.155, 99
000165.410, 95
000173.865, 92
000175.650, 104
000175.940, 86
000180.355, 120
000180.420, 128
000180.575, 117
000180.855, 115
000180.915, 111
000180.980, 130
000181.045, 134
000181.360, 132
000181.440, 144
000181.860, 124
000182.005, 131
000182.070, 143
000182.490, 128
000182.705, 122
000182.850, 105
000183.140, 109
000183.245, 127
000183.285, 103
000183.450, 146
000183.655, 152
000184.100, 144
000184.710, 119
000184.855, 122
000185.135, 109
000185.360, 111
000185.625, 114
000186.800, 108
000186.870, 109
000186.920, 134
000187.060, 104
000187.470, 96
000187.785, 92
000188.175, 94
000188.340, 117
000188.705, 102
000189.210, 106
000189.535, 101
000190.270, 116
000190.495, 106
000191.110, 134
000191.855, 118
000192.520, 123
000195.085, 99
000195.180, 95
000195.665, 98
000196.705, 87
000197.460, 82
000197.860, 108
000199.865, 115
000203.410, 116
000205.645, 86
000210.270, 130
000210.355, 159
000210.400, 123
000210.610, 136
000211.025, 136
000211.325, 144
000211.545, 156
000211.565, 146
000211.640, 127
000211.725, 114
000211.755, 102
000212.010, 136
000212.170, 144
000212.265, 129
000212.270, 113
000212.495, 144
000212.925, 135
000213.020, 134
000213.095, 116
000213.470, 145
000213.675, 111
000213.845, 106
000213.990, 98
000214.000, 110
000214.280, 100
000214.330, 126
000214.495, 138
000214.555, 124
000214.635, 107
000215.395, 110
000215.870, 113
000216.480, 120
000216.490, 121
000216.585, 133
000217.310, 116
000217.460, 125
000217.740, 118
000218.085, 124
000218.190, 105
000218.445, 95
000218.735, 120
000219.485, 103
000219.930, 85
000220.350, 88
000221.890, 96
000223.595, 89
000224.255, 74
000030.015, 125
000030.080, 109
000030.155, 113
000030.195, 101
000030.200, 99
000030.230, 113
000030.235, 114
000030.305, 90
000030.340, 104
000030.355, 98
000030.390, 114
000030.440, 103
000030.505, 104
000030.605, 94
000030.610, 95
000030.625, 88
000030.635, 110
000030.645, 95
000030.715, 84
000030.720, 76
000030.820, 104
000030.920, 117
000030.940, 73
000030.950, 72
000030.960, 68
000031.015, 97
000031.110, 91
000031.220, 102
000031.265, 85
000031.360, 89
000031.420, 81
000031.525, 113
000031.650, 84
000031.825, 102
000032.030, 115
000032.330, 102
000032.900, 117
000033.155, 114
000033.570, 100
000033.610, 82
000033.675, 91
000034.075, 85
000034.205, 89
000035.170, 118
000035.180, 122
000036.275, 112
000036.295, 103
000040.350, 103
000043.680, 107
000047.530, 138
000048.430, 87
000050.095, 91
000060.145, 98
000060.320, 88
000060.555, 83
000060.615, 106
000060.730, 125
000060.830, 130
000060.870, 117
000060.910, 116
000060.975, 87
000061.115, 87
000061.305, 92
000061.320, 110
000061.395, 124
000061.430, 88
000061.475, 124
000061.610, 115
000061.710, 111
000061.905, 137
000062.160, 103
000062.375, 107
000062.380, 120
000062.420, 145
000062.785, 136
000062.980, 135
000063.470, 118
000063.490, 107
000063.645, 137
000064.245, 150
000064.490, 153
000065.080, 128
000065.135, 113
000065.755, 111
000065.795, 105
000065.890, 113
000066.000, 115
000066.125, 135
000066.265, 149
000066.620, 140
000067.775, 110
000068.260, 101
000070.605, 111
000070.930, 136
000071.325, 91
000071.720, 130
000076.915, 100
000078.885, 87
000081.165, 90
000082.465, 119
000086.565, 85
000089.850, 105
000090.075, 104
000090.110, 84
000090.410, 119
000090.445, 117
000090.485, 134
000090.725, 130
000090.855, 154
000090.940, 141
000091.015, 117
000091.260, 167
000091.270, 125
000091.520, 121
000091.860, 160
000091.920, 141
000091.955, 130
000092.220, 133
000092.420, 157
000092.670, 146
000092.730, 118
000092.995, 154
000093.285, 122
000093.350, 116
000093.445, 108
000093.545, 128
000093.740, 127
000093.955, 110
000094.110, 119
000094.515, 119
000095.395, 117
000095.460, 115
000095.515, 118
000095.640, 107
000096.605, 102
000097.385, 104
000097.735, 100
000099.035, 102
000099.360, 103
000099.785, 99
000101.950, 134
000102.735, 117
000104.960, 99
000105.645, 96
000107.075, 132
000107.080, 126
000107.415, 92
000109.350, 106
000110.180, 124
000112.930, 88
000116.610, 85
000120.035, 87
000120.355, 124
000120.385, 127
000120.445, 156
000121.155, 147
000121.170, 144
000121.390, 151
000121.465, 139
000121.760, 160
000121.860, 146
000122.045, 136
000122.105, 132
000122.110, 126
000122.610, 123
000122.710, 128
000122.915, 125
000122.960, 126
000123.005, 134
000123.055, 156
000123.155, 121
000123.410, 140
000123.490, 148
000124.350, 130
000124.795, 117
000125.255, 105
000125.800, 103
000126.130, 99
000126.270, 98
000126.400, 116
000126.840, 145
000127.205, 103
000127.215, 94
000127.620, 92
000127.810, 91
000128.105, 95
000128.205, 100
000128.235, 102
000128.405, 110
000131.735, 125
000132.450, 102
000133.015, 132
000135.400, 101
000136.185, 93
000137.600, 111
000138.680, 117
000140.050, 101
000143.105, 99
000145.700, 99
000150.345, 133
000150.480, 125
000150.925, 140
000151.050, 145
000151.415, 146
000151.490, 144
000151.580, 141
000151.745, 132
000151.815, 130
000151.975, 158
000152.110, 126
000152.140, 113
000152.250, 110
000152.355, 106
000152.600, 107
000152.675, 114
000152.760, 107
000152.765, 105
000152.805, 116
000152.965, 96
000152.995, 121
000153.465, 131
000153.680, 106
000154.135, 96
000154.530, 115
000154.905, 127
000154.955, 107
000155.015, 146
000155.465, 105
000155.480, 117
000155.595, 105
000155.920, 97
000155.995, 89
000156.390, 112
000156.950, 124
000157.035, 96
000158.195, 113
000158.240, 107
000158.955, 100
000159.615, 122
000161.545, 112
000162.065, 119
000162.550, 128
000167.390, 85
000168.575, 90
000169.540, 108
000173.450, 111
000173.505, 97
000175.210, 99
000179.665, 96
000180.140, 131
000180.180, 154
000180.215, 117
000180.250, 141
000180.610, 138
000180.665, 120
000180.750, 120
000180.835, 131
000180.850, 105
000180.940, 103
000181.070, 115
000181.090, 140
000181.165, 131
000181.325, 115
000181.375, 122
000181.415, 140
000181.710, 116
000181.780, 112
000181.885, 134
000182.195, 125
000182.360, 122
000182.405, 122
000182.460, 109
000182.985, 130
000182.990, 104
000183.870, 127
000184.200, 126
000184.365, 113
000184.445, 113
000184.655, 108
000184.670, 118
000186.095, 113
000186.260, 117
000187.740, 112
000189.145, 114
000189.220, 116
000189.990, 98
000193.160, 103
000193.465, 102
000194.435, 103
000195.335, 97
000196.685, 116
000197.230, 100
000197.315, 97
000197.940, 102
000198.440, 97
000198.450, 86
000200.780, 93
000201.940, 122
000210.150, 68
000210.155, 70
000210.185, 61
000210.250, 95
000210.310, 113
000210.425, 125
000210.730, 135
000210.805, 133
000210.880, 122
000211.185, 139
000211.455, 133
000211.460, 100
000211.530, 102
000211.570, 146
000212.565, 145
000212.570, 145
000213.070, 149
000213.285, 111
000213.420, 107
000213.745, 124
000214.115, 117
000214.320, 112
000214.445, 115
000214.480, 107
000215.295, 123
000215.835, 123
000215.900, 124
000216.445, 133
000216.535, 115
000216.780, 127
000216.920, 144
000217.130, 110
000217.920, 126
000218.285, 110
000218.325, 107
000219.760, 92
000220.510, 135
000220.835, 101
000221.680, 98
000221.825, 90
000222.360, 103
000030.025, 58
000030.050, 71
000030.080, 19
000030.155, 43
000030.195, 55
000030.300, 63
000030.335, 56
000030.345, 52
000030.350, 67
000030.420, 73
000030.525, 83
000030.535, 84
000030.555, 86
000030.605, 66
000030.640, 91
000030.675, 92
000030.710, 87
000030.715, 68
000030.755, 91
000030.915, 98
000030.945, 99
000030.950, 96
000031.080, 105
000031.185, 106
000031.205, 109
000031.325, 103
000031.335, 87
000031.370, 100
000031.465, 113
000031.520, 114
000031.530, 117
000031.600, 122
000031.610, 126
000031.675, 104
000031.920, 96
000031.930, 87
000032.270, 124
000032.275, 131
000032.400, 100
000032.820, 102
000032.925, 98
000033.210, 103
000034.295, 96
000034.850, 112
000037.205, 89
000040.465, 83
000042.270, 127
000047.450, 109
000049.840, 118
000050.150, 99
000052.745, 97
000053.310, 93
000060.030, 95
000060.100, 125
000060.170, 151
000060.250, 143
000060.305, 136
000060.330, 117
000060.485, 129
000060.625, 136
000060.655, 127
000060.870, 140
000060.955, 126
000061.045, 151
000061.050, 177
000061.110, 125
000061.180, 144
000061.235, 152
000061.495, 99
000061.930, 129
000062.075, 112
000062.240, 116
000062.255, 94
000062.565, 112
000062.695, 125
000063.030, 135
000063.080, 144
000063.280, 111
000063.925, 119
000064.545, 105
000064.765, 104
000064.945, 102
000065.035, 125
000065.070, 98
000065.920, 118
000066.150, 107
000066.250, 95
000066.290, 94
000067.005, 111
000067.495, 101
000068.675, 113
000068.795, 106
000068.820, 88
000069.515, 111
000070.075, 83
000071.830, 116
000074.035, 118
000074.485, 88
000074.890, 117
000075.640, 119
000078.710, 89
000080.440, 82
000085.675, 89
000090.060, 144
000090.220, 115
000090.250, 105
000090.570, 104
000090.585, 148
000090.605, 152
000090.775, 104
000090.790, 98
000090.880, 106
000091.065, 118
000091.195, 133
000091.215, 142
000091.445, 106
000091.565, 129
000091.635, 142
000091.650, 138
000091.820, 148
000091.830, 146
000091.905, 162
000092.415, 117
000092.515, 106
000092.825, 100
000092.925, 93
000093.010, 115
000093.295, 114
000093.345, 108
000093.645, 108
000094.290, 118
000094.435, 125
000094.750, 116
000095.470, 107
000095.660, 104
000096.155, 111
000096.475, 117
000097.765, 120
000097.820, 116
000098.260, 107
000098.720, 100
000098.965, 120
000099.400, 119
000100.880, 85
000101.365, 94
000101.675, 88
000102.715, 77
000103.825, 100
000104.400, 99
000107.265, 91
000110.370, 97
000110.955, 85
000113.355, 84
000120.270, 111
000120.330, 103
000120.340, 81
000120.545, 132
000120.915, 155
000120.935, 136
000121.020, 153
000121.065, 135
000121.435, 129
000121.560, 149
000121.955, 134
000122.505, 131
000122.565, 125
000123.490, 128
000123.675, 119
000123.890, 118
000123.985, 129
000124.250, 148
000124.300, 114
000124.330, 112
000124.350, 100
000124.410, 120
000124.455, 97
000124.460, 97
000124.790, 107
000124.890, 108
000125.265, 132
000125.335, 114
000125.620, 99
000125.950, 94
000125.980, 133
000126.620, 112
000126.845, 124
000126.870, 147
000126.970, 86
000127.740, 148
000129.185, 131
000129.510, 131
000130.100, 119
000131.880, 110
000133.240, 93
000136.075, 86
000136.350, 109
000137.645, 100
000138.100, 81
000140.510, 102
000140.965, 86
000150.170, 134
000150.275, 105
000150.405, 120
000150.470, 130
000150.530, 138
000150.595, 136
000150.770, 149
000150.905, 131
000151.135, 155
000151.270, 148
000151.445, 141
000151.545, 134
000151.630, 116
000151.980, 118
000152.050, 131
000152.085, 121
000152.110, 115
000152.455, 123
000152.745, 123
000153.120, 111
000153.130, 109
000153.170, 124
000153.455, 122
000153.685, 118
000153.905, 108
000154.240, 112
000154.275, 124
000154.960, 100
000155.115, 136
000155.225, 98
000157.160, 124
000157.425, 120
000157.440, 142
000157.595, 107
000157.760, 102
000158.150, 109
000159.130, 126
000159.200, 135
000159.540, 109
000161.445, 87
000161.645, 86
000163.105, 85
000166.050, 83
000167.045, 104
000167.455, 98
000168.600, 120
000171.380, 105
000176.950, 107
000180.220, 164
000180.240, 131
000180.520, 141
000180.675, 123
000180.805, 110
000180.930, 110
000180.945, 115
000181.060, 125
000181.090, 119
000181.180, 127
000181.190, 109
000181.540, 131
000181.690, 129
000181.910, 133
000181.995, 129
000182.410, 125
000182.440, 131
000182.445, 117
000182.555, 140
000182.635, 140
000182.735, 104
000183.035, 131
000183.340, 124
000183.475, 162
000183.695, 136
000183.755, 144
000184.225, 126
000184.745, 115
000184.780, 109
000185.215, 105
000185.240, 97
000185.500, 125
000186.530, 103
000187.370, 128
000187.415, 123
000187.740, 110
000188.205, 103
000188.455, 98
000188.605, 126
000189.795, 114
000190.790, 82
000190.850, 92
000190.860, 111
000192.065, 104
000192.655, 121
000193.100, 99
000193.350, 93
000198.185, 84
000204.460, 95
000205.110, 82
000208.365, 86
000210.125, 137
000210.180, 118
000210.190, 162
000210.425, 113
000210.485, 129
000210.500, 110
000210.635, 134
000210.845, 116
000210.980, 115
000211.115, 140
000211.940, 120
000212.125, 138
000212.475, 139
000212.555, 124
000212.600, 140
000212.715, 112
000212.865, 132
000212.955, 118
000213.140, 113
000213.330, 125
000213.450, 115
000213.850, 101
000214.105, 99
000214.125, 105
000214.185, 131
000214.960, 134
000214.985, 132
000215.075, 116
000215.270, 103
000215.365, 100
000215.565, 135
000215.575, 93
000215.720, 108
000216.490, 113
000216.780, 145
000217.100, 101
000217.295, 91
000217.625, 99
000217.655, 103
000218.270, 103
000218.355, 95
000220.330, 104
000221.205, 93
000222.165, 106
000222.810, 116
000030.050, 34
000030.055, 35
000030.075, 30
000030.120, 67
000030.155, 69
000030.240, 94
000030.375, 79
000030.390, 87
000030.430, 76
000030.470, 68
000030.525, 92
000030.535, 85
000030.575, 117
000030.605, 76
000030.620, 99
000030.635, 119
000030.660, 88
000030.690, 81
000030.750, 72
000030.810, 111
000030.860, 88
000031.025, 74
000031.190, 80
000031.355, 119
000031.440, 110
000031.475, 68
000031.515, 68
000031.555, 119
000031.670, 98
000031.735, 124
000031.750, 107
000032.060, 83
000032.120, 105
000032.180, 118
000032.265, 86
000032.285, 79
000032.965, 127
000033.160, 138
000033.730, 123
000034.235, 117
000034.445, 122
000034.470, 108
000034.595, 104
000038.765, 121
000038.800, 122
000039.155, 116
000039.180, 108
000040.455, 112
000041.870, 113
000042.825, 122
000052.040, 98
000053.510, 97
000060.115, 59
000060.295, 119
000060.425, 111
000060.625, 116
000060.690, 127
000060.760, 129
000060.770, 111
000061.020, 119
000061.170, 137
000061.205, 119
000061.260, 144
000061.410, 112
000061.560, 106
000061.740, 111
000061.780, 151
000062.120, 147
000062.290, 145
000062.615, 127
000062.635, 140
000062.670, 119
000062.675, 149
000063.270, 138
000063.340, 122
000063.545, 147
000063.640, 120
000063.925, 107
000064.510, 105
000064.825, 111
000065.035, 115
000065.110, 128
000065.290, 99
000065.325, 107
000065.640, 97
000065.805, 113
000066.490, 97
000067.185, 95
000067.505, 110
000070.600, 107
000070.835, 90
000071.655, 93
000074.095, 122
000074.445, 126
000077.920, 82
000078.130, 94
000085.430, 97
000085.615, 75
000090.090, 134
000090.295, 127
000090.335, 145
000090.425, 126
000090.540, 120
000090.600, 112
000090.735, 125
000090.835, 106
000090.965, 133
000091.000, 100
000091.520, 118
000091.605, 120
000091.625, 115
000091.705, 121
000091.990, 104
000092.030, 103
000092.370, 101
000092.380, 98
000092.420, 125
000092.470, 96
000092.765, 108
000093.005, 128
000093.060, 129
000093.150, 105
000093.190, 102
000094.025, 116
000094.665, 115
000094.790, 114
000095.515, 102
000095.685, 101
000095.805, 98
000096.070, 120
000096.320, 98
000096.350, 130
000096.645, 113
000096.815, 119
000096.845, 101
000097.440, 98
000097.475, 94
000098.025, 95
000098.730, 114
000099.240, 109
000100.155, 101
000101.080, 91
000101.835, 119
000103.845, 95
000110.330, 79
000112.090, 77
000117.020, 89
000120.110, 102
000120.320, 126
000120.390, 103
000120.415, 90
000120.555, 134
000120.565, 127
000120.700, 112
000120.780, 109
000120.995, 133
000121.185, 139
000121.255, 143
000121.400, 139
000121.540, 144
000121.765, 167
000121.795, 171
000121.925, 140
000122.025, 149
000122.150, 136
000122.205, 130
000122.620, 121
000122.720, 117
000123.005, 111
000123.215, 95
000123.390, 143
000123.395, 94
000123.990, 86
000124.315, 124
000124.335, 112
000124.450, 93
000124.640, 131
000125.450, 108
000125.615, 103
000126.095, 126
000126.230, 108
000127.080, 129
000127.370, 109
000127.940, 100
000128.855, 100
000130.225, 88
000130.335, 85
000131.035, 125
000131.445, 113
000133.230, 118
000133.305, 134
000133.800, 112
000134.240, 103
000136.395, 100
000143.555, 84
000150.105, 136
000150.175, 132
000150.310, 127
000150.370, 119
000150.545, 119
000150.620, 130
000150.700, 115
000150.795, 104
000151.355, 116
000151.465, 131
000151.525, 130
000151.530, 109
000151.630, 107
000151.760, 137
000152.035, 141
000152.265, 124
000152.630, 148
000152.940, 142
000152.990, 114
000153.075, 109
000153.320, 119
000153.515, 115
000153.610, 110
000153.670, 108
000154.240, 108
000154.480, 119
000154.495, 146
000154.540, 150
000154.665, 103
000154.670, 101
000155.145, 149
000155.740, 137
000155.820, 127
000156.270, 129
000156.520, 104
000156.780, 121
000156.920, 112
000157.390, 114
000157.620, 105
000158.380, 103
000159.830, 114
000160.035, 106
000161.070, 103
000161.615, 90
000163.835, 103
000165.640, 96
000165.850, 92
000166.945, 82
000168.010, 110
000172.870, 91
000180.125, 87
000180.325, 135
000180.475, 151
000180.520, 116
000180.815, 153
000181.240, 150
000181.335, 148
000181.380, 129
000181.600, 135
000181.655, 131
000181.765, 124
000181.780, 123
000181.790, 110
000181.945, 134
000181.995, 125
000182.310, 115
000182.395, 115
000182.445, 125
000182.495, 108
000182.980, 153
000183.025, 125
000183.075, 121
000183.345, 148
000183.645, 134
000183.780, 121
000184.240, 123
000184.715, 133
000185.635, 140
000186.305, 129
000186.410, 107
000186.525, 98
000187.280, 102
000188.295, 121
000189.215, 124
000189.580, 114
000189.805, 127
000190.145, 90
000190.700, 144
000191.475, 115
000192.115, 126
000192.150, 108
000192.805, 97
000192.870, 95
000192.900, 92
000195.095, 117
000197.455, 95
000202.175, 117
000204.560, 95
000205.060, 99
000210.280, 146
000210.315, 152
000210.350, 131
000210.570, 162
000210.720, 155
000210.740, 113
000210.845, 112
000210.855, 98
000211.000, 84
000211.255, 107
000211.320, 113
000211.375, 124
000211.430, 138
000211.840, 127
000211.970, 105
000212.215, 135
000212.260, 114
000212.365, 130
000212.525, 114
000212.920, 167
000213.310, 111
000213.470, 122
000213.550, 122
000214.135, 104
000214.370, 110
000214.785, 123
000214.965, 112
000215.290, 130
000215.330, 127
000215.345, 142
000215.580, 112
000216.070, 128
000216.165, 126
000216.580, 103
000216.670, 97
000216.720, 94
000217.030, 140
000217.080, 149
000217.500, 104
000218.910, 108
000219.005, 117
000222.365, 116
000224.855, 106
